_input,_num,_widgetName,_source,_resultNumber,_pageUrl,ime_i_prezime_narodnog_poslanika_link,ime_i_prezime_narodnog_poslanika_link/_source,ime_i_prezime_narodnog_poslanika_link/_title,ime_i_prezime_narodnog_poslanika_link/_text,politicka_stranka,mesto,godiste
,1,skupstina-srbije-poslanici,skupstina-srbije-poslanici,1,http://www.parlament.gov.rs/narodna-skupstina-/sastav/narodni-poslanici/aktuelni-saziv.890.html,http://www.parlament.gov.rs/DRAGAN_ALEKSI%C4%86.829.891.html,/DRAGAN_ALEKSI%C4%86.829.891.html,,ALEKSIĆ DRAGAN,SNS,Osečina,1963.
,2,skupstina-srbije-poslanici,skupstina-srbije-poslanici,2,http://www.parlament.gov.rs/narodna-skupstina-/sastav/narodni-poslanici/aktuelni-saziv.890.html,http://www.parlament.gov.rs/IRENA_ALEKSI%C4%86.731.891.html,/IRENA_ALEKSI%C4%86.731.891.html,,ALEKSIĆ IRENA,SNS,Kraljevo,1978.
,3,skupstina-srbije-poslanici,skupstina-srbije-poslanici,3,http://www.parlament.gov.rs/narodna-skupstina-/sastav/narodni-poslanici/aktuelni-saziv.890.html,http://www.parlament.gov.rs/ADRIANA_ANASTASOV.821.891.html,/ADRIANA_ANASTASOV.821.891.html,,ANASTASOV ADRIANA,SNS,Niš,1985.
,4,skupstina-srbije-poslanici,skupstina-srbije-poslanici,4,http://www.parlament.gov.rs/narodna-skupstina-/sastav/narodni-poslanici/aktuelni-saziv.890.html,http://www.parlament.gov.rs/MIRJANA_ANDRI%C4%86.824.891.html,/MIRJANA_ANDRI%C4%86.824.891.html,,ANDRIĆ MIRJANA,SNS,Beograd,1959.
,5,skupstina-srbije-poslanici,skupstina-srbije-poslanici,5,http://www.parlament.gov.rs/narodna-skupstina-/sastav/narodni-poslanici/aktuelni-saziv.890.html,http://www.parlament.gov.rs/ZORAN_ANTI%C4%86.675.891.html,/ZORAN_ANTI%C4%86.675.891.html,,ANTIĆ ZORAN,-,Jagodina,1962.
,6,skupstina-srbije-poslanici,skupstina-srbije-poslanici,6,http://www.parlament.gov.rs/narodna-skupstina-/sastav/narodni-poslanici/aktuelni-saziv.890.html,http://www.parlament.gov.rs/KONSTANTIN_ARSENOVI%C4%86.416.891.html,/KONSTANTIN_ARSENOVI%C4%86.416.891.html,,ARSENOVIĆ KONSTANTIN,PUPS,Beograd Novi Beograd,1940.
,7,skupstina-srbije-poslanici,skupstina-srbije-poslanici,7,http://www.parlament.gov.rs/narodna-skupstina-/sastav/narodni-poslanici/aktuelni-saziv.890.html,http://www.parlament.gov.rs/VEROLjUB_ARSI%C4%86.676.891.html,/VEROLjUB_ARSI%C4%86.676.891.html,,ARSIĆ VEROLjUB,-,Požarevac,1969.
,8,skupstina-srbije-poslanici,skupstina-srbije-poslanici,8,http://www.parlament.gov.rs/narodna-skupstina-/sastav/narodni-poslanici/aktuelni-saziv.890.html,http://www.parlament.gov.rs/MARKO_ATLAGI%C4%86+.603.891.html,/MARKO_ATLAGI%C4%86+.603.891.html,,ATLAGIĆ prof. dr MARKO,SNS,Beograd,1949.
,9,skupstina-srbije-poslanici,skupstina-srbije-poslanici,9,http://www.parlament.gov.rs/narodna-skupstina-/sastav/narodni-poslanici/aktuelni-saziv.890.html,http://www.parlament.gov.rs/VLADO_BABI%C4%86.872.891.html,/VLADO_BABI%C4%86.872.891.html,,BABIĆ VLADO,SNS,Sombor,1960.
,10,skupstina-srbije-poslanici,skupstina-srbije-poslanici,10,http://www.parlament.gov.rs/narodna-skupstina-/sastav/narodni-poslanici/aktuelni-saziv.890.html,http://www.parlament.gov.rs/ZORAN_BABI%C4%86.678.891.html,/ZORAN_BABI%C4%86.678.891.html,,BABIĆ ZORAN,SNS,Vrnjačka Banja,1971.
,11,skupstina-srbije-poslanici,skupstina-srbije-poslanici,11,http://www.parlament.gov.rs/narodna-skupstina-/sastav/narodni-poslanici/aktuelni-saziv.890.html,http://www.parlament.gov.rs/MUAMER_BA%C4%8CEVAC.769.891.html,/MUAMER_BA%C4%8CEVAC.769.891.html,,BAČEVAC Dr MUAMER,SPDS,Novi Pazar,1977.
,12,skupstina-srbije-poslanici,skupstina-srbije-poslanici,12,http://www.parlament.gov.rs/narodna-skupstina-/sastav/narodni-poslanici/aktuelni-saziv.890.html,http://www.parlament.gov.rs/DU%C5%A0AN_BAJATOVI%C4%86.247.891.html,/DU%C5%A0AN_BAJATOVI%C4%86.247.891.html,,BAJATOVIĆ DUŠAN,SPS,Novi Sad,1967.
,13,skupstina-srbije-poslanici,skupstina-srbije-poslanici,13,http://www.parlament.gov.rs/narodna-skupstina-/sastav/narodni-poslanici/aktuelni-saziv.890.html,http://www.parlament.gov.rs/GROZDANA_BANAC.876.891.html,/GROZDANA_BANAC.876.891.html,,BANAC GROZDANA,PUPS,Beograd Voždovac,1951.
,14,skupstina-srbije-poslanici,skupstina-srbije-poslanici,14,http://www.parlament.gov.rs/narodna-skupstina-/sastav/narodni-poslanici/aktuelni-saziv.890.html,http://www.parlament.gov.rs/DRAGANA_BARI%C5%A0I%C4%86.781.891.html,/DRAGANA_BARI%C5%A0I%C4%86.781.891.html,,BARIŠIĆ Dr DRAGANA,SNS,Kruševac,1975.
,15,skupstina-srbije-poslanici,skupstina-srbije-poslanici,15,http://www.parlament.gov.rs/narodna-skupstina-/sastav/narodni-poslanici/aktuelni-saziv.890.html,http://www.parlament.gov.rs/OLGICA_BATI%C4%86.570.891.html,/OLGICA_BATI%C4%86.570.891.html,,BATIĆ OLGICA,DHSS,Beograd Obrenovac,1981.
,16,skupstina-srbije-poslanici,skupstina-srbije-poslanici,16,http://www.parlament.gov.rs/narodna-skupstina-/sastav/narodni-poslanici/aktuelni-saziv.890.html,http://www.parlament.gov.rs/IVAN_BAUER+.713.891.html,/IVAN_BAUER+.713.891.html,,BAUER dr IVAN,SPDS,Beograd Stari grad,1967.
,17,skupstina-srbije-poslanici,skupstina-srbije-poslanici,17,http://www.parlament.gov.rs/narodna-skupstina-/sastav/narodni-poslanici/aktuelni-saziv.890.html,http://www.parlament.gov.rs/IGOR_BE%C4%8CI%C4%86+.679.891.html,/IGOR_BE%C4%8CI%C4%86+.679.891.html,,BEČIĆ mr IGOR,-,Vrbas,1971.
,18,skupstina-srbije-poslanici,skupstina-srbije-poslanici,18,http://www.parlament.gov.rs/narodna-skupstina-/sastav/narodni-poslanici/aktuelni-saziv.890.html,http://www.parlament.gov.rs/NEBOJ%C5%A0A_BERI%C4%86.730.891.html,/NEBOJ%C5%A0A_BERI%C4%86.730.891.html,,BERIĆ NEBOJŠA,SNS,Sombor,1972.
,19,skupstina-srbije-poslanici,skupstina-srbije-poslanici,19,http://www.parlament.gov.rs/narodna-skupstina-/sastav/narodni-poslanici/aktuelni-saziv.890.html,http://www.parlament.gov.rs/LjILjANA_BERONjA.810.891.html,/LjILjANA_BERONjA.810.891.html,,BERONjA Dr LjILjANA,SNS,Kula,1959.
,20,skupstina-srbije-poslanici,skupstina-srbije-poslanici,20,http://www.parlament.gov.rs/narodna-skupstina-/sastav/narodni-poslanici/aktuelni-saziv.890.html,http://www.parlament.gov.rs/VESNA_BESAROVI%C4%86.766.891.html,/VESNA_BESAROVI%C4%86.766.891.html,,BESAROVIĆ prof. dr VESNA,SPDS,Beograd Vračar,1946.
,21,skupstina-srbije-poslanici,skupstina-srbije-poslanici,21,http://www.parlament.gov.rs/narodna-skupstina-/sastav/narodni-poslanici/aktuelni-saziv.890.html,http://www.parlament.gov.rs/MILENA_BI%C4%86ANIN.758.891.html,/MILENA_BI%C4%86ANIN.758.891.html,,BIĆANIN MILENA,SPDS,Surčin,1964.
,22,skupstina-srbije-poslanici,skupstina-srbije-poslanici,22,http://www.parlament.gov.rs/narodna-skupstina-/sastav/narodni-poslanici/aktuelni-saziv.890.html,http://www.parlament.gov.rs/BOBAN_BIRMAN%C4%8CEVI%C4%86.795.891.html,/BOBAN_BIRMAN%C4%8CEVI%C4%86.795.891.html,,BIRMANČEVIĆ Dr BOBAN,SNS,Šabac,1969.
,23,skupstina-srbije-poslanici,skupstina-srbije-poslanici,23,http://www.parlament.gov.rs/narodna-skupstina-/sastav/narodni-poslanici/aktuelni-saziv.890.html,http://www.parlament.gov.rs/BRANISLAV_BLA%C5%BDI%C4%86+.23.891.html,/BRANISLAV_BLA%C5%BDI%C4%86+.23.891.html,,BLAŽIĆ Dr BRANISLAV,SNS,Beograd,1957.
,24,skupstina-srbije-poslanici,skupstina-srbije-poslanici,24,http://www.parlament.gov.rs/narodna-skupstina-/sastav/narodni-poslanici/aktuelni-saziv.890.html,http://www.parlament.gov.rs/%C5%BDARKO_BOGATINOVI%C4%86.782.891.html,/%C5%BDARKO_BOGATINOVI%C4%86.782.891.html,,BOGATINOVIĆ ŽARKO,SNS,Leskovac,1964.
,25,skupstina-srbije-poslanici,skupstina-srbije-poslanici,25,http://www.parlament.gov.rs/narodna-skupstina-/sastav/narodni-poslanici/aktuelni-saziv.890.html,http://www.parlament.gov.rs/GORAN_BOGDANOVI%C4%86.250.891.html,/GORAN_BOGDANOVI%C4%86.250.891.html,,BOGDANOVIĆ GORAN,SDS,Leposavić,1963.
,26,skupstina-srbije-poslanici,skupstina-srbije-poslanici,26,http://www.parlament.gov.rs/narodna-skupstina-/sastav/narodni-poslanici/aktuelni-saziv.890.html,http://www.parlament.gov.rs/ZORAN_BOJANI%C4%86.624.891.html,/ZORAN_BOJANI%C4%86.624.891.html,,BOJANIĆ ZORAN,SNS,Kraljevo,1959.
,27,skupstina-srbije-poslanici,skupstina-srbije-poslanici,27,http://www.parlament.gov.rs/narodna-skupstina-/sastav/narodni-poslanici/aktuelni-saziv.890.html,http://www.parlament.gov.rs/BRANKA_BO%C5%A0NjAK.784.891.html,/BRANKA_BO%C5%A0NjAK.784.891.html,,BOŠNjAK BRANKA,SPDS,Beograd Voždovac,1956.
,28,skupstina-srbije-poslanici,skupstina-srbije-poslanici,28,http://www.parlament.gov.rs/narodna-skupstina-/sastav/narodni-poslanici/aktuelni-saziv.890.html,http://www.parlament.gov.rs/BAL%C5%A0A_BO%C5%BDOVI%C4%86.559.891.html,/BAL%C5%A0A_BO%C5%BDOVI%C4%86.559.891.html,,BOŽOVIĆ BALŠA,DS,Stari grad,1983.
,29,skupstina-srbije-poslanici,skupstina-srbije-poslanici,29,http://www.parlament.gov.rs/narodna-skupstina-/sastav/narodni-poslanici/aktuelni-saziv.890.html,http://www.parlament.gov.rs/BLAGOJE_BRADI%C4%86.849.891.html,/BLAGOJE_BRADI%C4%86.849.891.html,,BRADIĆ Dr BLAGOJE,ZZS,Niš,1955.
,30,skupstina-srbije-poslanici,skupstina-srbije-poslanici,30,http://www.parlament.gov.rs/narodna-skupstina-/sastav/narodni-poslanici/aktuelni-saziv.890.html,http://www.parlament.gov.rs/MILORAD_CVETANOVI%C4%86.864.891.html,/MILORAD_CVETANOVI%C4%86.864.891.html,,CVETANOVIĆ MILORAD,SNS,Beograd Mladenovac,1962.
,31,skupstina-srbije-poslanici,skupstina-srbije-poslanici,31,http://www.parlament.gov.rs/narodna-skupstina-/sastav/narodni-poslanici/aktuelni-saziv.890.html,http://www.parlament.gov.rs/%C4%90OR%C4%90E_%C4%8CABARKAPA.880.891.html,/%C4%90OR%C4%90E_%C4%8CABARKAPA.880.891.html,,ČABARKAPA ĐORĐE,SPS,Beograd Rakovica,1980.
,32,skupstina-srbije-poslanici,skupstina-srbije-poslanici,32,http://www.parlament.gov.rs/narodna-skupstina-/sastav/narodni-poslanici/aktuelni-saziv.890.html,http://www.parlament.gov.rs/NENAD_%C4%8CANAK.516.891.html,/NENAD_%C4%8CANAK.516.891.html,,ČANAK NENAD,LSV,Novi Sad,1959.
,33,skupstina-srbije-poslanici,skupstina-srbije-poslanici,33,http://www.parlament.gov.rs/narodna-skupstina-/sastav/narodni-poslanici/aktuelni-saziv.890.html,http://www.parlament.gov.rs/DEJAN_%C4%8CAPO.868.891.html,/DEJAN_%C4%8CAPO.868.891.html,,ČAPO mr DEJAN,LSV,Zrenjanin,1978.
,34,skupstina-srbije-poslanici,skupstina-srbije-poslanici,34,http://www.parlament.gov.rs/narodna-skupstina-/sastav/narodni-poslanici/aktuelni-saziv.890.html,http://www.parlament.gov.rs/MIRKO_%C4%8CIKIRIZ.494.891.html,/MIRKO_%C4%8CIKIRIZ.494.891.html,,ČIKIRIZ MIRKO,SPO,Kragujevac,1963.
,35,skupstina-srbije-poslanici,skupstina-srbije-poslanici,35,http://www.parlament.gov.rs/narodna-skupstina-/sastav/narodni-poslanici/aktuelni-saziv.890.html,http://www.parlament.gov.rs/MOMO_%C4%8COLAKOVI%C4%86.496.891.html,/MOMO_%C4%8COLAKOVI%C4%86.496.891.html,,ČOLAKOVIĆ MOMO,PUPS,Novi Sad,1940.
,36,skupstina-srbije-poslanici,skupstina-srbije-poslanici,36,http://www.parlament.gov.rs/narodna-skupstina-/sastav/narodni-poslanici/aktuelni-saziv.890.html,http://www.parlament.gov.rs/GORDANA_%C4%8COMI%C4%86.149.891.html,/GORDANA_%C4%8COMI%C4%86.149.891.html,,ČOMIĆ GORDANA,DS,Novi Sad,1958.
,37,skupstina-srbije-poslanici,skupstina-srbije-poslanici,37,http://www.parlament.gov.rs/narodna-skupstina-/sastav/narodni-poslanici/aktuelni-saziv.890.html,http://www.parlament.gov.rs/ALEKSANDAR_%C4%8COTRI%C4%86.497.891.html,/ALEKSANDAR_%C4%8COTRI%C4%86.497.891.html,,ČOTRIĆ ALEKSANDAR,SPO,Beograd Stari grad,1966.
,38,skupstina-srbije-poslanici,skupstina-srbije-poslanici,38,http://www.parlament.gov.rs/narodna-skupstina-/sastav/narodni-poslanici/aktuelni-saziv.890.html,http://www.parlament.gov.rs/GORAN_%C4%86IRI%C4%86.853.891.html,/GORAN_%C4%86IRI%C4%86.853.891.html,,ĆIRIĆ GORAN,DS,Niš,1960.
,39,skupstina-srbije-poslanici,skupstina-srbije-poslanici,39,http://www.parlament.gov.rs/narodna-skupstina-/sastav/narodni-poslanici/aktuelni-saziv.890.html,http://www.parlament.gov.rs/MILENA_%C4%86ORILI%C4%86.836.891.html,/MILENA_%C4%86ORILI%C4%86.836.891.html,,ĆORILIĆ MILENA,PUPS,Šabac,1944.
,40,skupstina-srbije-poslanici,skupstina-srbije-poslanici,40,http://www.parlament.gov.rs/narodna-skupstina-/sastav/narodni-poslanici/aktuelni-saziv.890.html,http://www.parlament.gov.rs/AIDA_%C4%86OROVI%C4%86.852.891.html,/AIDA_%C4%86OROVI%C4%86.852.891.html,,ĆOROVIĆ AIDA,-,Novi Pazar,1961.
,41,skupstina-srbije-poslanici,skupstina-srbije-poslanici,41,http://www.parlament.gov.rs/narodna-skupstina-/sastav/narodni-poslanici/aktuelni-saziv.890.html,http://www.parlament.gov.rs/SABINA_DAZDAREVI%C4%86.861.891.html,/SABINA_DAZDAREVI%C4%86.861.891.html,,DAZDAREVIĆ SABINA,SDA,Tutin,1982.
,42,skupstina-srbije-poslanici,skupstina-srbije-poslanici,42,http://www.parlament.gov.rs/narodna-skupstina-/sastav/narodni-poslanici/aktuelni-saziv.890.html,http://www.parlament.gov.rs/VLADICA_DIMITROV.820.891.html,/VLADICA_DIMITROV.820.891.html,,DIMITROV VLADICA,SNS,Dimitrovgrad,1974.
,43,skupstina-srbije-poslanici,skupstina-srbije-poslanici,43,http://www.parlament.gov.rs/narodna-skupstina-/sastav/narodni-poslanici/aktuelni-saziv.890.html,http://www.parlament.gov.rs/IVANA_DINI%C4%86.632.891.html,/IVANA_DINI%C4%86.632.891.html,,DINIĆ IVANA,SPS,Niš Medijana,1985.
,44,skupstina-srbije-poslanici,skupstina-srbije-poslanici,44,http://www.parlament.gov.rs/narodna-skupstina-/sastav/narodni-poslanici/aktuelni-saziv.890.html,http://www.parlament.gov.rs/MIRJANA_DRAGA%C5%A0.635.891.html,/MIRJANA_DRAGA%C5%A0.635.891.html,,DRAGAŠ MIRJANA,SPS,Beograd Zemun,1950.
,45,skupstina-srbije-poslanici,skupstina-srbije-poslanici,45,http://www.parlament.gov.rs/narodna-skupstina-/sastav/narodni-poslanici/aktuelni-saziv.890.html,http://www.parlament.gov.rs/SR%C4%90AN_DRAGOJEVI%C4%86.748.891.html,/SR%C4%90AN_DRAGOJEVI%C4%86.748.891.html,,DRAGOJEVIĆ SRĐAN,SPS,Beograd,1963.
,46,skupstina-srbije-poslanici,skupstina-srbije-poslanici,46,http://www.parlament.gov.rs/narodna-skupstina-/sastav/narodni-poslanici/aktuelni-saziv.890.html,http://www.parlament.gov.rs/MILOVAN_DRECUN+.619.891.html,/MILOVAN_DRECUN+.619.891.html,,DRECUN MILOVAN,SNS,Beograd,1957.
,47,skupstina-srbije-poslanici,skupstina-srbije-poslanici,47,http://www.parlament.gov.rs/narodna-skupstina-/sastav/narodni-poslanici/aktuelni-saziv.890.html,http://www.parlament.gov.rs/ZLATA_%C4%90ERI%C4%86.430.891.html,/ZLATA_%C4%90ERI%C4%86.430.891.html,,ĐERIĆ ZLATA,NS,Sombor,1958.
,48,skupstina-srbije-poslanici,skupstina-srbije-poslanici,48,http://www.parlament.gov.rs/narodna-skupstina-/sastav/narodni-poslanici/aktuelni-saziv.890.html,http://www.parlament.gov.rs/MIRJANA_%C4%90OKOVI%C4%86.814.891.html,/MIRJANA_%C4%90OKOVI%C4%86.814.891.html,,ĐOKOVIĆ MIRJANA,SNS,Čačak,1966.
,49,skupstina-srbije-poslanici,skupstina-srbije-poslanici,49,http://www.parlament.gov.rs/narodna-skupstina-/sastav/narodni-poslanici/aktuelni-saziv.890.html,http://www.parlament.gov.rs/VLADIMIR_%C4%90UKANOVI%C4%86.757.891.html,/VLADIMIR_%C4%90UKANOVI%C4%86.757.891.html,,ĐUKANOVIĆ VLADIMIR,SNS,Beograd,1979.
,50,skupstina-srbije-poslanici,skupstina-srbije-poslanici,50,http://www.parlament.gov.rs/narodna-skupstina-/sastav/narodni-poslanici/aktuelni-saziv.890.html,http://www.parlament.gov.rs/SLAVICA_%C4%90UKI%C4%86+DEJANOVI%C4%86+.431.891.html,/SLAVICA_%C4%90UKI%C4%86+DEJANOVI%C4%86+.431.891.html,,ĐUKIĆ DEJANOVIĆ prof. dr SLAVICA,SPS,Kragujevac,1951.
,51,skupstina-srbije-poslanici,skupstina-srbije-poslanici,51,http://www.parlament.gov.rs/narodna-skupstina-/sastav/narodni-poslanici/aktuelni-saziv.890.html,http://www.parlament.gov.rs/MILAN_%C4%90URICA.822.891.html,/MILAN_%C4%90URICA.822.891.html,,ĐURICA MILAN,SNS,Novi Beograd,1967.
,52,skupstina-srbije-poslanici,skupstina-srbije-poslanici,52,http://www.parlament.gov.rs/narodna-skupstina-/sastav/narodni-poslanici/aktuelni-saziv.890.html,http://www.parlament.gov.rs/MARKO_%C4%90URI%C5%A0I%C4%86.398.891.html,/MARKO_%C4%90URI%C5%A0I%C4%86.398.891.html,,ĐURIŠIĆ MARKO,SDS,Beograd,1968.
,53,skupstina-srbije-poslanici,skupstina-srbije-poslanici,53,http://www.parlament.gov.rs/narodna-skupstina-/sastav/narodni-poslanici/aktuelni-saziv.890.html,http://www.parlament.gov.rs/%C5%BDIVAN_%C4%90URI%C5%A0I%C4%86.787.891.html,/%C5%BDIVAN_%C4%90URI%C5%A0I%C4%86.787.891.html,,ĐURIŠIĆ ŽIVAN,SNS,Velika Plana,1947.
,54,skupstina-srbije-poslanici,skupstina-srbije-poslanici,54,http://www.parlament.gov.rs/narodna-skupstina-/sastav/narodni-poslanici/aktuelni-saziv.890.html,http://www.parlament.gov.rs/ALEKSANDRA_%C4%90UROVI%C4%86.604.891.html,/ALEKSANDRA_%C4%90UROVI%C4%86.604.891.html,,ĐUROVIĆ ALEKSANDRA,SNS,Beograd,1976.
,55,skupstina-srbije-poslanici,skupstina-srbije-poslanici,55,http://www.parlament.gov.rs/narodna-skupstina-/sastav/narodni-poslanici/aktuelni-saziv.890.html,http://www.parlament.gov.rs/BRANKO_%C4%90UROVI%C4%86.756.891.html,/BRANKO_%C4%90UROVI%C4%86.756.891.html,,ĐUROVIĆ prof. dr BRANKO,SPDS,Novi Beograd,1957.
,56,skupstina-srbije-poslanici,skupstina-srbije-poslanici,56,http://www.parlament.gov.rs/narodna-skupstina-/sastav/narodni-poslanici/aktuelni-saziv.890.html,http://www.parlament.gov.rs/ANA_FILIPOVI%C4%86.885.891.html,/ANA_FILIPOVI%C4%86.885.891.html,,FILIPOVIĆ ANA,SNS,Kragujevac,1980.
,57,skupstina-srbije-poslanici,skupstina-srbije-poslanici,57,http://www.parlament.gov.rs/narodna-skupstina-/sastav/narodni-poslanici/aktuelni-saziv.890.html,http://www.parlament.gov.rs/DUBRAVKA_FILIPOVSKI.595.891.html,/DUBRAVKA_FILIPOVSKI.595.891.html,,FILIPOVSKI DUBRAVKA,NS,Beograd,1967.
,58,skupstina-srbije-poslanici,skupstina-srbije-poslanici,58,http://www.parlament.gov.rs/narodna-skupstina-/sastav/narodni-poslanici/aktuelni-saziv.890.html,http://www.parlament.gov.rs/ARPAD_FREMOND.490.891.html,/ARPAD_FREMOND.490.891.html,,FREMOND ÁRPÁD,SVM,Pačir,1981.
,59,skupstina-srbije-poslanici,skupstina-srbije-poslanici,59,http://www.parlament.gov.rs/narodna-skupstina-/sastav/narodni-poslanici/aktuelni-saziv.890.html,http://www.parlament.gov.rs/NINOSLAV_GIRI%C4%86.719.891.html,/NINOSLAV_GIRI%C4%86.719.891.html,,GIRIĆ Dr NINOSLAV,SNS,Leskovac,1955.
,60,skupstina-srbije-poslanici,skupstina-srbije-poslanici,60,http://www.parlament.gov.rs/narodna-skupstina-/sastav/narodni-poslanici/aktuelni-saziv.890.html,http://www.parlament.gov.rs/MAJA_GOJKOVI%C4%86.658.891.html,/MAJA_GOJKOVI%C4%86.658.891.html,,GOJKOVIĆ MAJA,-,Novi Sad,1963.
,61,skupstina-srbije-poslanici,skupstina-srbije-poslanici,61,http://www.parlament.gov.rs/narodna-skupstina-/sastav/narodni-poslanici/aktuelni-saziv.890.html,http://www.parlament.gov.rs/%C5%BDIKA_GOJKOVI%C4%86.428.891.html,/%C5%BDIKA_GOJKOVI%C4%86.428.891.html,,GOJKOVIĆ ŽIKA,SPO,Sombor,1972.
,62,skupstina-srbije-poslanici,skupstina-srbije-poslanici,62,http://www.parlament.gov.rs/narodna-skupstina-/sastav/narodni-poslanici/aktuelni-saziv.890.html,http://www.parlament.gov.rs/MLADEN_GRUJI%C4%86.296.891.html,/MLADEN_GRUJI%C4%86.296.891.html,,GRUJIĆ MLADEN,NS,Beograd Vračar,1966.
,63,skupstina-srbije-poslanici,skupstina-srbije-poslanici,63,http://www.parlament.gov.rs/narodna-skupstina-/sastav/narodni-poslanici/aktuelni-saziv.890.html,http://www.parlament.gov.rs/SLOBODAN_GVOZDENOVI%C4%86.764.891.html,/SLOBODAN_GVOZDENOVI%C4%86.764.891.html,,GVOZDENOVIĆ Dr SLOBODAN,SNS,Valjevo,1965.
,64,skupstina-srbije-poslanici,skupstina-srbije-poslanici,64,http://www.parlament.gov.rs/narodna-skupstina-/sastav/narodni-poslanici/aktuelni-saziv.890.html,http://www.parlament.gov.rs/RIZA_HALIMI.259.891.html,/RIZA_HALIMI.259.891.html,,HALIMI RIZA,PDD,Preševo,1947.
,65,skupstina-srbije-poslanici,skupstina-srbije-poslanici,65,http://www.parlament.gov.rs/narodna-skupstina-/sastav/narodni-poslanici/aktuelni-saziv.890.html,http://www.parlament.gov.rs/BILjANA_HASANOVI%C4%86++KORA%C4%86.257.891.html,/BILjANA_HASANOVI%C4%86++KORA%C4%86.257.891.html,,HASANOVIĆ KORAĆ BILjANA,-,Vršac,1955.
,66,skupstina-srbije-poslanici,skupstina-srbije-poslanici,66,http://www.parlament.gov.rs/narodna-skupstina-/sastav/narodni-poslanici/aktuelni-saziv.890.html,http://www.parlament.gov.rs/SLOBODAN_HOMEN.567.891.html,/SLOBODAN_HOMEN.567.891.html,,HOMEN SLOBODAN,-,Beograd,1972.
,67,skupstina-srbije-poslanici,skupstina-srbije-poslanici,67,http://www.parlament.gov.rs/narodna-skupstina-/sastav/narodni-poslanici/aktuelni-saziv.890.html,http://www.parlament.gov.rs/BILjANA_ILI%C4%86++STO%C5%A0I%C4%86.621.891.html,/BILjANA_ILI%C4%86++STO%C5%A0I%C4%86.621.891.html,,ILIĆ STOŠIĆ BILjANA,SNS,Kragujevac,1964.
,68,skupstina-srbije-poslanici,skupstina-srbije-poslanici,68,http://www.parlament.gov.rs/narodna-skupstina-/sastav/narodni-poslanici/aktuelni-saziv.890.html,http://www.parlament.gov.rs/ENIS_IMAMOVI%C4%86.703.891.html,/ENIS_IMAMOVI%C4%86.703.891.html,,IMAMOVIĆ ENIS,SDA,Novi Pazar,1984.
,69,skupstina-srbije-poslanici,skupstina-srbije-poslanici,69,http://www.parlament.gov.rs/narodna-skupstina-/sastav/narodni-poslanici/aktuelni-saziv.890.html,http://www.parlament.gov.rs/OBRAD_ISAILOVI%C4%86.763.891.html,/OBRAD_ISAILOVI%C4%86.763.891.html,,ISAILOVIĆ Dr OBRAD,SNS,Beograd Obrenovac,1950.
,70,skupstina-srbije-poslanici,skupstina-srbije-poslanici,70,http://www.parlament.gov.rs/narodna-skupstina-/sastav/narodni-poslanici/aktuelni-saziv.890.html,http://www.parlament.gov.rs/BRANKA_JANKOVI%C4%86.881.891.html,/BRANKA_JANKOVI%C4%86.881.891.html,,JANKOVIĆ BRANKA,SNS,Sremski Karlovci,1964.
,71,skupstina-srbije-poslanici,skupstina-srbije-poslanici,71,http://www.parlament.gov.rs/narodna-skupstina-/sastav/narodni-poslanici/aktuelni-saziv.890.html,http://www.parlament.gov.rs/DU%C5%A0AN_JANKOVI%C4%86.878.891.html,/DU%C5%A0AN_JANKOVI%C4%86.878.891.html,,JANKOVIĆ DUŠAN,SNS,Irig,1954.
,72,skupstina-srbije-poslanici,skupstina-srbije-poslanici,72,http://www.parlament.gov.rs/narodna-skupstina-/sastav/narodni-poslanici/aktuelni-saziv.890.html,http://www.parlament.gov.rs/ALEKSANDRA_JERKOV.336.891.html,/ALEKSANDRA_JERKOV.336.891.html,,JERKOV mr ALEKSANDRA,DS,Novi Sad,1982.
,73,skupstina-srbije-poslanici,skupstina-srbije-poslanici,73,http://www.parlament.gov.rs/narodna-skupstina-/sastav/narodni-poslanici/aktuelni-saziv.890.html,http://www.parlament.gov.rs/IVICA_JEVTI%C4%86.869.891.html,/IVICA_JEVTI%C4%86.869.891.html,,JEVTIĆ IVICA,SNS,Smederevo,1960.
,74,skupstina-srbije-poslanici,skupstina-srbije-poslanici,74,http://www.parlament.gov.rs/narodna-skupstina-/sastav/narodni-poslanici/aktuelni-saziv.890.html,http://www.parlament.gov.rs/JOVICA_JEVTI%C4%86.802.891.html,/JOVICA_JEVTI%C4%86.802.891.html,,JEVTIĆ JOVICA,SNS,Raška,1975.
,75,skupstina-srbije-poslanici,skupstina-srbije-poslanici,75,http://www.parlament.gov.rs/narodna-skupstina-/sastav/narodni-poslanici/aktuelni-saziv.890.html,http://www.parlament.gov.rs/MILANKA_JEVTOVI%C4%86+VUKOJI%C4%8CI%C4%86.707.891.html,/MILANKA_JEVTOVI%C4%86+VUKOJI%C4%8CI%C4%86.707.891.html,,JEVTOVIĆ VUKOJIČIĆ MILANKA,SNS,Priboj,1960.
,76,skupstina-srbije-poslanici,skupstina-srbije-poslanici,76,http://www.parlament.gov.rs/narodna-skupstina-/sastav/narodni-poslanici/aktuelni-saziv.890.html,http://www.parlament.gov.rs/MARIJA_JEV%C4%90I%C4%86.841.891.html,/MARIJA_JEV%C4%90I%C4%86.841.891.html,,JEVĐIĆ MARIJA,JS,Kraljevo,1981.
,77,skupstina-srbije-poslanici,skupstina-srbije-poslanici,77,http://www.parlament.gov.rs/narodna-skupstina-/sastav/narodni-poslanici/aktuelni-saziv.890.html,http://www.parlament.gov.rs/NIKOLA_JOLOVI%C4%86.792.891.html,/NIKOLA_JOLOVI%C4%86.792.891.html,,JOLOVIĆ NIKOLA,SNS,Novi Pazar,1977.
,78,skupstina-srbije-poslanici,skupstina-srbije-poslanici,78,http://www.parlament.gov.rs/narodna-skupstina-/sastav/narodni-poslanici/aktuelni-saziv.890.html,http://www.parlament.gov.rs/DRAGAN+_JOVANOVI%C4%86.438.891.html,/DRAGAN+_JOVANOVI%C4%86.438.891.html,,JOVANOVIĆ DRAGAN,NS,Topola,1972.
,79,skupstina-srbije-poslanici,skupstina-srbije-poslanici,79,http://www.parlament.gov.rs/narodna-skupstina-/sastav/narodni-poslanici/aktuelni-saziv.890.html,http://www.parlament.gov.rs/IVAN_JOVANOVI%C4%86.340.891.html,/IVAN_JOVANOVI%C4%86.340.891.html,,JOVANOVIĆ IVAN,DS,Kraljevo,1977.
,80,skupstina-srbije-poslanici,skupstina-srbije-poslanici,80,http://www.parlament.gov.rs/narodna-skupstina-/sastav/narodni-poslanici/aktuelni-saziv.890.html,http://www.parlament.gov.rs/JOVANA_JOVANOVI%C4%86.856.891.html,/JOVANA_JOVANOVI%C4%86.856.891.html,,JOVANOVIĆ JOVANA,DS,Kragujevac,1988.
,81,skupstina-srbije-poslanici,skupstina-srbije-poslanici,81,http://www.parlament.gov.rs/narodna-skupstina-/sastav/narodni-poslanici/aktuelni-saziv.890.html,http://www.parlament.gov.rs/NE%C4%90O_JOVANOVI%C4%86.651.891.html,/NE%C4%90O_JOVANOVI%C4%86.651.891.html,,JOVANOVIĆ NEĐO,SPS,Užice,1962.
,82,skupstina-srbije-poslanici,skupstina-srbije-poslanici,82,http://www.parlament.gov.rs/narodna-skupstina-/sastav/narodni-poslanici/aktuelni-saziv.890.html,http://www.parlament.gov.rs/RADOSLAV_JOVI%C4%86+.60.891.html,/RADOSLAV_JOVI%C4%86+.60.891.html,,JOVIĆ Dr RADOSLAV,SNS,Kraljevo,1957.
,83,skupstina-srbije-poslanici,skupstina-srbije-poslanici,83,http://www.parlament.gov.rs/narodna-skupstina-/sastav/narodni-poslanici/aktuelni-saziv.890.html,http://www.parlament.gov.rs/ALEKSANDAR_JOVI%C4%8CI%C4%86.755.891.html,/ALEKSANDAR_JOVI%C4%8CI%C4%86.755.891.html,,JOVIČIĆ ALEKSANDAR,SNS,Beograd,1987.
,84,skupstina-srbije-poslanici,skupstina-srbije-poslanici,84,http://www.parlament.gov.rs/narodna-skupstina-/sastav/narodni-poslanici/aktuelni-saziv.890.html,http://www.parlament.gov.rs/ZORAN_JOZI%C4%86.823.891.html,/ZORAN_JOZI%C4%86.823.891.html,,JOZIĆ ZORAN,SNS,Blace,1969.
,85,skupstina-srbije-poslanici,skupstina-srbije-poslanici,85,http://www.parlament.gov.rs/narodna-skupstina-/sastav/narodni-poslanici/aktuelni-saziv.890.html,http://www.parlament.gov.rs/ALEKSANDAR_JUGOVI%C4%86.440.891.html,/ALEKSANDAR_JUGOVI%C4%86.440.891.html,,JUGOVIĆ ALEKSANDAR,SPO,Čačak,1975.
,86,skupstina-srbije-poslanici,skupstina-srbije-poslanici,86,http://www.parlament.gov.rs/narodna-skupstina-/sastav/narodni-poslanici/aktuelni-saziv.890.html,http://www.parlament.gov.rs/%C5%A0AIP_KAMBERI.863.891.html,/%C5%A0AIP_KAMBERI.863.891.html,,KAMBERI ŠAIP,PDD,Bujanovac,1964.
,87,skupstina-srbije-poslanici,skupstina-srbije-poslanici,87,http://www.parlament.gov.rs/narodna-skupstina-/sastav/narodni-poslanici/aktuelni-saziv.890.html,http://www.parlament.gov.rs/BRANKA_KARAVIDI%C4%86.441.891.html,/BRANKA_KARAVIDI%C4%86.441.891.html,,KARAVIDIĆ BRANKA,-,Majdanpek,1958.
,88,skupstina-srbije-poslanici,skupstina-srbije-poslanici,88,http://www.parlament.gov.rs/narodna-skupstina-/sastav/narodni-poslanici/aktuelni-saziv.890.html,http://www.parlament.gov.rs/DRAGOMIR_KARI%C4%86+.609.891.html,/DRAGOMIR_KARI%C4%86+.609.891.html,,KARIĆ DRAGOMIR,PSSBK,Beograd,1949.
,89,skupstina-srbije-poslanici,skupstina-srbije-poslanici,89,http://www.parlament.gov.rs/narodna-skupstina-/sastav/narodni-poslanici/aktuelni-saziv.890.html,http://www.parlament.gov.rs/IVAN_KARI%C4%86.572.891.html,/IVAN_KARI%C4%86.572.891.html,,KARIĆ IVAN,ZS,Beograd Obrenovac,1975.
,90,skupstina-srbije-poslanici,skupstina-srbije-poslanici,90,http://www.parlament.gov.rs/narodna-skupstina-/sastav/narodni-poslanici/aktuelni-saziv.890.html,http://www.parlament.gov.rs/MILANKA_KARI%C4%86.591.891.html,/MILANKA_KARI%C4%86.591.891.html,,KARIĆ MILANKA,PSSBK,Beograd,1957.
,91,skupstina-srbije-poslanici,skupstina-srbije-poslanici,91,http://www.parlament.gov.rs/narodna-skupstina-/sastav/narodni-poslanici/aktuelni-saziv.890.html,http://www.parlament.gov.rs/MILAN_KNE%C5%BDEVI%C4%86+.684.891.html,/MILAN_KNE%C5%BDEVI%C4%86+.684.891.html,,KNEŽEVIĆ prof. dr MILAN,SNS,Kragujevac,1952.
,92,skupstina-srbije-poslanici,skupstina-srbije-poslanici,92,http://www.parlament.gov.rs/narodna-skupstina-/sastav/narodni-poslanici/aktuelni-saziv.890.html,http://www.parlament.gov.rs/MILAN_KORA%C4%86.839.891.html,/MILAN_KORA%C4%86.839.891.html,,KORAĆ MILAN,PUPS,Novi Sad,1929.
,93,skupstina-srbije-poslanici,skupstina-srbije-poslanici,93,http://www.parlament.gov.rs/narodna-skupstina-/sastav/narodni-poslanici/aktuelni-saziv.890.html,http://www.parlament.gov.rs/%C4%90OR%C4%90E_KOSANI%C4%86.638.891.html,/%C4%90OR%C4%90E_KOSANI%C4%86.638.891.html,,KOSANIĆ ĐORĐE,JS,Kragujevac,1967.
,94,skupstina-srbije-poslanici,skupstina-srbije-poslanici,94,http://www.parlament.gov.rs/narodna-skupstina-/sastav/narodni-poslanici/aktuelni-saziv.890.html,http://www.parlament.gov.rs/LjILjANA_KOSORI%C4%86.786.891.html,/LjILjANA_KOSORI%C4%86.786.891.html,,KOSORIĆ LjILjANA,SPO,Kosjerić,1957.
,95,skupstina-srbije-poslanici,skupstina-srbije-poslanici,95,http://www.parlament.gov.rs/narodna-skupstina-/sastav/narodni-poslanici/aktuelni-saziv.890.html,http://www.parlament.gov.rs/RADMILO_KOSTI%C4%86.736.891.html,/RADMILO_KOSTI%C4%86.736.891.html,,KOSTIĆ RADMILO,SNS,Pirot,1971.
,96,skupstina-srbije-poslanici,skupstina-srbije-poslanici,96,http://www.parlament.gov.rs/narodna-skupstina-/sastav/narodni-poslanici/aktuelni-saziv.890.html,http://www.parlament.gov.rs/BOJAN_KOSTRE%C5%A0.443.891.html,/BOJAN_KOSTRE%C5%A0.443.891.html,,KOSTREŠ BOJAN,-,Zrenjanin,1974.
,97,skupstina-srbije-poslanici,skupstina-srbije-poslanici,97,http://www.parlament.gov.rs/narodna-skupstina-/sastav/narodni-poslanici/aktuelni-saziv.890.html,http://www.parlament.gov.rs/ELVIRA_KOVA%C4%8C.409.891.html,/ELVIRA_KOVA%C4%8C.409.891.html,,KOVÁCS ELVIRA,SVM,Zrenjanin,1982.
,98,skupstina-srbije-poslanici,skupstina-srbije-poslanici,98,http://www.parlament.gov.rs/narodna-skupstina-/sastav/narodni-poslanici/aktuelni-saziv.890.html,http://www.parlament.gov.rs/BORISAV_KOVA%C4%8CEVI%C4%86.723.891.html,/BORISAV_KOVA%C4%8CEVI%C4%86.723.891.html,,KOVAČEVIĆ BORISAV,PUPS,Beograd Zemun,1943.
,99,skupstina-srbije-poslanici,skupstina-srbije-poslanici,99,http://www.parlament.gov.rs/narodna-skupstina-/sastav/narodni-poslanici/aktuelni-saziv.890.html,http://www.parlament.gov.rs/DEJAN_KOVA%C4%8CEVI%C4%86.803.891.html,/DEJAN_KOVA%C4%8CEVI%C4%86.803.891.html,,KOVAČEVIĆ DEJAN,SNS,Gornji Milanovac,1979.
,100,skupstina-srbije-poslanici,skupstina-srbije-poslanici,100,http://www.parlament.gov.rs/narodna-skupstina-/sastav/narodni-poslanici/aktuelni-saziv.890.html,http://www.parlament.gov.rs/GORAN_KOVA%C4%8CEVI%C4%86.760.891.html,/GORAN_KOVA%C4%8CEVI%C4%86.760.891.html,,KOVAČEVIĆ GORAN,SNS,Kragujevac,1970.
,101,skupstina-srbije-poslanici,skupstina-srbije-poslanici,101,http://www.parlament.gov.rs/narodna-skupstina-/sastav/narodni-poslanici/aktuelni-saziv.890.html,http://www.parlament.gov.rs/MILAN_KOVA%C4%8CEVI%C4%86.709.891.html,/MILAN_KOVA%C4%8CEVI%C4%86.709.891.html,,KOVAČEVIĆ MILAN,SNS,Sremska Mitrovica,1962.
,102,skupstina-srbije-poslanici,skupstina-srbije-poslanici,102,http://www.parlament.gov.rs/narodna-skupstina-/sastav/narodni-poslanici/aktuelni-saziv.890.html,http://www.parlament.gov.rs/MILAN_KRKOBABI%C4%86.631.891.html,/MILAN_KRKOBABI%C4%86.631.891.html,,KRKOBABIĆ MILAN,PUPS,Beograd Novi Beograd,1952.
,103,skupstina-srbije-poslanici,skupstina-srbije-poslanici,103,http://www.parlament.gov.rs/narodna-skupstina-/sastav/narodni-poslanici/aktuelni-saziv.890.html,http://www.parlament.gov.rs/MIRKO_KRLI%C4%86.762.891.html,/MIRKO_KRLI%C4%86.762.891.html,,KRLIĆ MIRKO,SNS,Zrenjanin,1955.
,104,skupstina-srbije-poslanici,skupstina-srbije-poslanici,104,http://www.parlament.gov.rs/narodna-skupstina-/sastav/narodni-poslanici/aktuelni-saziv.890.html,http://www.parlament.gov.rs/SR%C4%90AN_KRU%C5%BDEVI%C4%86.835.891.html,/SR%C4%90AN_KRU%C5%BDEVI%C4%86.835.891.html,,KRUŽEVIĆ SRĐAN,JS,Novi Sad,1977.
,105,skupstina-srbije-poslanici,skupstina-srbije-poslanici,105,http://www.parlament.gov.rs/narodna-skupstina-/sastav/narodni-poslanici/aktuelni-saziv.890.html,http://www.parlament.gov.rs/LjIBU%C5%A0KA_LAKATO%C5%A0.807.891.html,/LjIBU%C5%A0KA_LAKATO%C5%A0.807.891.html,,LAKATOŠ LjIBUŠKA,SNS,Stara Pazova,1972.
,106,skupstina-srbije-poslanici,skupstina-srbije-poslanici,106,http://www.parlament.gov.rs/narodna-skupstina-/sastav/narodni-poslanici/aktuelni-saziv.890.html,http://www.parlament.gov.rs/DARKO_LAKETI%C4%86.780.891.html,/DARKO_LAKETI%C4%86.780.891.html,,LAKETIĆ Dr DARKO,SNS,Prokuplje,1975.
,107,skupstina-srbije-poslanici,skupstina-srbije-poslanici,107,http://www.parlament.gov.rs/narodna-skupstina-/sastav/narodni-poslanici/aktuelni-saziv.890.html,http://www.parlament.gov.rs/MILAN_LATKOVI%C4%86.838.891.html,/MILAN_LATKOVI%C4%86.838.891.html,,LATKOVIĆ Dr MILAN,SPS,Ruma Vitojevci,1949.
,108,skupstina-srbije-poslanici,skupstina-srbije-poslanici,108,http://www.parlament.gov.rs/narodna-skupstina-/sastav/narodni-poslanici/aktuelni-saziv.890.html,http://www.parlament.gov.rs/NADA_LAZI%C4%86.850.891.html,/NADA_LAZI%C4%86.850.891.html,,LAZIĆ NADA,LSV,Novi Sad,1950.
,109,skupstina-srbije-poslanici,skupstina-srbije-poslanici,109,http://www.parlament.gov.rs/narodna-skupstina-/sastav/narodni-poslanici/aktuelni-saziv.890.html,http://www.parlament.gov.rs/MIODRAG_LINTA.596.891.html,/MIODRAG_LINTA.596.891.html,,LINTA MIODRAG,-,Beograd,1969.
,110,skupstina-srbije-poslanici,skupstina-srbije-poslanici,110,http://www.parlament.gov.rs/narodna-skupstina-/sastav/narodni-poslanici/aktuelni-saziv.890.html,http://www.parlament.gov.rs/MLADEN_LUKI%C4%86.813.891.html,/MLADEN_LUKI%C4%86.813.891.html,,LUKIĆ MLADEN,SNS,Bajina Bašta,1977.
,111,skupstina-srbije-poslanici,skupstina-srbije-poslanici,111,http://www.parlament.gov.rs/narodna-skupstina-/sastav/narodni-poslanici/aktuelni-saziv.890.html,http://www.parlament.gov.rs/VIOLETA_LUTOVAC.830.891.html,/VIOLETA_LUTOVAC.830.891.html,,LUTOVAC VIOLETA,SNS,Varvarin,1986.
,112,skupstina-srbije-poslanici,skupstina-srbije-poslanici,112,http://www.parlament.gov.rs/narodna-skupstina-/sastav/narodni-poslanici/aktuelni-saziv.890.html,http://www.parlament.gov.rs/SA%C5%A0A_MAKSIMOVI%C4%86.687.891.html,/SA%C5%A0A_MAKSIMOVI%C4%86.687.891.html,,MAKSIMOVIĆ SAŠA,SNS,Novi Bečej,1976.
,113,skupstina-srbije-poslanici,skupstina-srbije-poslanici,113,http://www.parlament.gov.rs/narodna-skupstina-/sastav/narodni-poslanici/aktuelni-saziv.890.html,http://www.parlament.gov.rs/SINI%C5%A0A_MAKSIMOVI%C4%86.845.891.html,/SINI%C5%A0A_MAKSIMOVI%C4%86.845.891.html,,MAKSIMOVIĆ SINIŠA,SPS,Kruševac,1959.
,114,skupstina-srbije-poslanici,skupstina-srbije-poslanici,114,http://www.parlament.gov.rs/narodna-skupstina-/sastav/narodni-poslanici/aktuelni-saziv.890.html,http://www.parlament.gov.rs/ALEKSANDRA_MALETI%C4%86.774.891.html,/ALEKSANDRA_MALETI%C4%86.774.891.html,,MALETIĆ ALEKSANDRA,SNS,Novi Sad,1982.
,115,skupstina-srbije-poslanici,skupstina-srbije-poslanici,115,http://www.parlament.gov.rs/narodna-skupstina-/sastav/narodni-poslanici/aktuelni-saziv.890.html,http://www.parlament.gov.rs/SNE%C5%BDANA_MALOVI%C4%86.555.891.html,/SNE%C5%BDANA_MALOVI%C4%86.555.891.html,,MALOVIĆ SNEŽANA,SDS,Beograd,1976.
,116,skupstina-srbije-poslanici,skupstina-srbije-poslanici,116,http://www.parlament.gov.rs/narodna-skupstina-/sastav/narodni-poslanici/aktuelni-saziv.890.html,http://www.parlament.gov.rs/LjILjANA_MALU%C5%A0I%C4%86.771.891.html,/LjILjANA_MALU%C5%A0I%C4%86.771.891.html,,MALUŠIĆ LjILjANA,SNS,Beograd Voždovac,1958.
,117,skupstina-srbije-poslanici,skupstina-srbije-poslanici,117,http://www.parlament.gov.rs/narodna-skupstina-/sastav/narodni-poslanici/aktuelni-saziv.890.html,http://www.parlament.gov.rs/MARJANA_MARA%C5%A0.834.891.html,/MARJANA_MARA%C5%A0.834.891.html,,MARAŠ MARJANA,SPS,Vrbas Ravno selo,1970.
,118,skupstina-srbije-poslanici,skupstina-srbije-poslanici,118,http://www.parlament.gov.rs/narodna-skupstina-/sastav/narodni-poslanici/aktuelni-saziv.890.html,http://www.parlament.gov.rs/GORJANA_MARINKOVI%C4%86.886.891.html,/GORJANA_MARINKOVI%C4%86.886.891.html,,MARINKOVIĆ GORJANA,PS,Stara Pazova,1990.
,119,skupstina-srbije-poslanici,skupstina-srbije-poslanici,119,http://www.parlament.gov.rs/narodna-skupstina-/sastav/narodni-poslanici/aktuelni-saziv.890.html,http://www.parlament.gov.rs/VLADIMIR_MARINKOVI%C4%86+.571.891.html,/VLADIMIR_MARINKOVI%C4%86+.571.891.html,,MARINKOVIĆ prof. dr VLADIMIR,SPDS,Beograd Voždovac,1976.
,120,skupstina-srbije-poslanici,skupstina-srbije-poslanici,120,http://www.parlament.gov.rs/narodna-skupstina-/sastav/narodni-poslanici/aktuelni-saziv.890.html,http://www.parlament.gov.rs/MIRJANA_MARJANOVI%C4%86.623.891.html,/MIRJANA_MARJANOVI%C4%86.623.891.html,,MARJANOVIĆ MIRJANA,SNS,Surčin Boljevci,1979.
,121,skupstina-srbije-poslanici,skupstina-srbije-poslanici,121,http://www.parlament.gov.rs/narodna-skupstina-/sastav/narodni-poslanici/aktuelni-saziv.890.html,http://www.parlament.gov.rs/VESNA_MARJANOVI%C4%86+.378.891.html,/VESNA_MARJANOVI%C4%86+.378.891.html,,MARJANOVIĆ VESNA,DS,Palilula,1969.
,122,skupstina-srbije-poslanici,skupstina-srbije-poslanici,122,http://www.parlament.gov.rs/narodna-skupstina-/sastav/narodni-poslanici/aktuelni-saziv.890.html,http://www.parlament.gov.rs/MIROSLAV_MARKI%C4%86EVI%C4%86.79.891.html,/MIROSLAV_MARKI%C4%86EVI%C4%86.79.891.html,,MARKIĆEVIĆ MIROSLAV,NS,Čačak,1958.
,123,skupstina-srbije-poslanici,skupstina-srbije-poslanici,123,http://www.parlament.gov.rs/narodna-skupstina-/sastav/narodni-poslanici/aktuelni-saziv.890.html,http://www.parlament.gov.rs/ALEKSANDAR_MARKOVI%C4%86.806.891.html,/ALEKSANDAR_MARKOVI%C4%86.806.891.html,,MARKOVIĆ ALEKSANDAR,SNS,Beograd,1981.
,124,skupstina-srbije-poslanici,skupstina-srbije-poslanici,124,http://www.parlament.gov.rs/narodna-skupstina-/sastav/narodni-poslanici/aktuelni-saziv.890.html,http://www.parlament.gov.rs/DRAGAN+_MARKOVI%C4%86.451.891.html,/DRAGAN+_MARKOVI%C4%86.451.891.html,,MARKOVIĆ DRAGAN,JS,Jagodina Končarevo,1960.
,125,skupstina-srbije-poslanici,skupstina-srbije-poslanici,125,http://www.parlament.gov.rs/narodna-skupstina-/sastav/narodni-poslanici/aktuelni-saziv.890.html,http://www.parlament.gov.rs/JOVAN_MARKOVI%C4%86.854.891.html,/JOVAN_MARKOVI%C4%86.854.891.html,,MARKOVIĆ JOVAN,DS,Užice,1972.
,126,skupstina-srbije-poslanici,skupstina-srbije-poslanici,126,http://www.parlament.gov.rs/narodna-skupstina-/sastav/narodni-poslanici/aktuelni-saziv.890.html,http://www.parlament.gov.rs/VESNA_MARKOVI%C4%86.611.891.html,/VESNA_MARKOVI%C4%86.611.891.html,,MARKOVIĆ VESNA,SNS,Beograd Zemun,1974.
,127,skupstina-srbije-poslanici,skupstina-srbije-poslanici,127,http://www.parlament.gov.rs/narodna-skupstina-/sastav/narodni-poslanici/aktuelni-saziv.890.html,http://www.parlament.gov.rs/ALEKSANDAR_MARTINOVI%C4%86+.386.891.html,/ALEKSANDAR_MARTINOVI%C4%86+.386.891.html,,MARTINOVIĆ ALEKSANDAR,SNS,Ruma,1976.
,128,skupstina-srbije-poslanici,skupstina-srbije-poslanici,128,http://www.parlament.gov.rs/narodna-skupstina-/sastav/narodni-poslanici/aktuelni-saziv.890.html,http://www.parlament.gov.rs/VESNA_MARTINOVI%C4%86.387.891.html,/VESNA_MARTINOVI%C4%86.387.891.html,,MARTINOVIĆ VESNA,DS,Pančevo,1970.
,129,skupstina-srbije-poslanici,skupstina-srbije-poslanici,129,http://www.parlament.gov.rs/narodna-skupstina-/sastav/narodni-poslanici/aktuelni-saziv.890.html,http://www.parlament.gov.rs/VEROLjUB_MATI%C4%86.754.891.html,/VEROLjUB_MATI%C4%86.754.891.html,,MATIĆ VEROLjUB,-,Koceljeva,1953.
,130,skupstina-srbije-poslanici,skupstina-srbije-poslanici,130,http://www.parlament.gov.rs/narodna-skupstina-/sastav/narodni-poslanici/aktuelni-saziv.890.html,http://www.parlament.gov.rs/%C5%BDARKO_MI%C4%86IN.811.891.html,/%C5%BDARKO_MI%C4%86IN.811.891.html,,MIĆIN ŽARKO,SNS,Novi Sad,1982.
,131,skupstina-srbije-poslanici,skupstina-srbije-poslanici,131,http://www.parlament.gov.rs/narodna-skupstina-/sastav/narodni-poslanici/aktuelni-saziv.890.html,http://www.parlament.gov.rs/DRAGOLjUB_MI%C4%86UNOVI%C4%86+.360.891.html,/DRAGOLjUB_MI%C4%86UNOVI%C4%86+.360.891.html,,MIĆUNOVIĆ prof. dr DRAGOLjUB,DS,Novi Beograd,1930.
,132,skupstina-srbije-poslanici,skupstina-srbije-poslanici,132,http://www.parlament.gov.rs/narodna-skupstina-/sastav/narodni-poslanici/aktuelni-saziv.890.html,http://www.parlament.gov.rs/MILETI%C4%86_MIHAJLOVI%C4%86.357.891.html,/MILETI%C4%86_MIHAJLOVI%C4%86.357.891.html,,MIHAJLOVIĆ MILETIĆ,SPS,Petrovac na Mlavi,1951.
,133,skupstina-srbije-poslanici,skupstina-srbije-poslanici,133,http://www.parlament.gov.rs/narodna-skupstina-/sastav/narodni-poslanici/aktuelni-saziv.890.html,http://www.parlament.gov.rs/JELENA_MIJATOVI%C4%86.612.891.html,/JELENA_MIJATOVI%C4%86.612.891.html,,MIJATOVIĆ JELENA,SNS,Beograd Palilula,1977.
,134,skupstina-srbije-poslanici,skupstina-srbije-poslanici,134,http://www.parlament.gov.rs/narodna-skupstina-/sastav/narodni-poslanici/aktuelni-saziv.890.html,http://www.parlament.gov.rs/MILORAD_MIJATOVI%C4%86+.553.891.html,/MILORAD_MIJATOVI%C4%86+.553.891.html,,MIJATOVIĆ dr MILORAD,SPDS,Novi Sad,1947.
,135,skupstina-srbije-poslanici,skupstina-srbije-poslanici,135,http://www.parlament.gov.rs/narodna-skupstina-/sastav/narodni-poslanici/aktuelni-saziv.890.html,http://www.parlament.gov.rs/PREDRAG_MIJATOVI%C4%86.685.891.html,/PREDRAG_MIJATOVI%C4%86.685.891.html,,MIJATOVIĆ Dr PREDRAG,SNS,Vršac,1950.
,136,skupstina-srbije-poslanici,skupstina-srbije-poslanici,136,http://www.parlament.gov.rs/narodna-skupstina-/sastav/narodni-poslanici/aktuelni-saziv.890.html,http://www.parlament.gov.rs/STEFANA_MILADINOVI%C4%86.639.891.html,/STEFANA_MILADINOVI%C4%86.639.891.html,,MILADINOVIĆ STEFANA,SPS,Beograd Rakovica,1981.
,137,skupstina-srbije-poslanici,skupstina-srbije-poslanici,137,http://www.parlament.gov.rs/narodna-skupstina-/sastav/narodni-poslanici/aktuelni-saziv.890.html,http://www.parlament.gov.rs/ZORAN_MILEKI%C4%86.790.891.html,/ZORAN_MILEKI%C4%86.790.891.html,,MILEKIĆ ZORAN,SNS,Kučevo,1955.
,138,skupstina-srbije-poslanici,skupstina-srbije-poslanici,138,http://www.parlament.gov.rs/narodna-skupstina-/sastav/narodni-poslanici/aktuelni-saziv.890.html,http://www.parlament.gov.rs/MILIJA_MILETI%C4%86.789.891.html,/MILIJA_MILETI%C4%86.789.891.html,,MILETIĆ MILIJA,USS,Svrljig,1968.
,139,skupstina-srbije-poslanici,skupstina-srbije-poslanici,139,http://www.parlament.gov.rs/narodna-skupstina-/sastav/narodni-poslanici/aktuelni-saziv.890.html,http://www.parlament.gov.rs/%C4%90OR%C4%90E_MILI%C4%86EVI%C4%86.456.891.html,/%C4%90OR%C4%90E_MILI%C4%86EVI%C4%86.456.891.html,,MILIĆEVIĆ ĐORĐE,SPS,Valjevo,1978.
,140,skupstina-srbije-poslanici,skupstina-srbije-poslanici,140,http://www.parlament.gov.rs/narodna-skupstina-/sastav/narodni-poslanici/aktuelni-saziv.890.html,http://www.parlament.gov.rs/DU%C5%A0AN_MILISAVLJEVI%C4%86.512.891.html,/DU%C5%A0AN_MILISAVLJEVI%C4%86.512.891.html,,MILISAVLJEVIĆ prof. dr DUŠAN,DS,Niš Medijana,1968.
,141,skupstina-srbije-poslanici,skupstina-srbije-poslanici,141,http://www.parlament.gov.rs/narodna-skupstina-/sastav/narodni-poslanici/aktuelni-saziv.890.html,http://www.parlament.gov.rs/MILOSAV_MILOJEVI%C4%86.799.891.html,/MILOSAV_MILOJEVI%C4%86.799.891.html,,MILOJEVIĆ MILOSAV,SNS,Aranđelovac,1954.
,142,skupstina-srbije-poslanici,skupstina-srbije-poslanici,142,http://www.parlament.gov.rs/narodna-skupstina-/sastav/narodni-poslanici/aktuelni-saziv.890.html,http://www.parlament.gov.rs/NENAD_MILOSAVLjEVI%C4%86.837.891.html,/NENAD_MILOSAVLjEVI%C4%86.837.891.html,,MILOSAVLjEVIĆ NENAD,SPS,Beograd Stari grad,1954.
,143,skupstina-srbije-poslanici,skupstina-srbije-poslanici,143,http://www.parlament.gov.rs/narodna-skupstina-/sastav/narodni-poslanici/aktuelni-saziv.890.html,http://www.parlament.gov.rs/NEVENKA_MILO%C5%A0EVI%C4%86.817.891.html,/NEVENKA_MILO%C5%A0EVI%C4%86.817.891.html,,MILOŠEVIĆ NEVENKA,SNS,Ivanjica,1966.
,144,skupstina-srbije-poslanici,skupstina-srbije-poslanici,144,http://www.parlament.gov.rs/narodna-skupstina-/sastav/narodni-poslanici/aktuelni-saziv.890.html,http://www.parlament.gov.rs/VLADAN_MILO%C5%A0EVI%C4%86.816.891.html,/VLADAN_MILO%C5%A0EVI%C4%86.816.891.html,,MILOŠEVIĆ VLADAN,SNS,Vladimirci,1962.
,145,skupstina-srbije-poslanici,skupstina-srbije-poslanici,145,http://www.parlament.gov.rs/narodna-skupstina-/sastav/narodni-poslanici/aktuelni-saziv.890.html,http://www.parlament.gov.rs/SA%C5%A0A_MIRKOVI%C4%86.768.891.html,/SA%C5%A0A_MIRKOVI%C4%86.768.891.html,,MIRKOVIĆ SAŠA,-,Zaječar,1972.
,146,skupstina-srbije-poslanici,skupstina-srbije-poslanici,146,http://www.parlament.gov.rs/narodna-skupstina-/sastav/narodni-poslanici/aktuelni-saziv.890.html,http://www.parlament.gov.rs/NENAD_MITROVI%C4%86.825.891.html,/NENAD_MITROVI%C4%86.825.891.html,,MITROVIĆ NENAD,SNS,Bujanovac,1973.
,147,skupstina-srbije-poslanici,skupstina-srbije-poslanici,147,http://www.parlament.gov.rs/narodna-skupstina-/sastav/narodni-poslanici/aktuelni-saziv.890.html,http://www.parlament.gov.rs/GORAN_MLADENOVI%C4%86.882.891.html,/GORAN_MLADENOVI%C4%86.882.891.html,,MLADENOVIĆ GORAN,SNS,Vladičin Han,1979.
,148,skupstina-srbije-poslanici,skupstina-srbije-poslanici,148,http://www.parlament.gov.rs/narodna-skupstina-/sastav/narodni-poslanici/aktuelni-saziv.890.html,http://www.parlament.gov.rs/LjUBICA_MRDAKOVI%C4%86++TODOROVI%C4%86.618.891.html,/LjUBICA_MRDAKOVI%C4%86++TODOROVI%C4%86.618.891.html,,MRDAKOVIĆ TODOROVIĆ Dr LjUBICA,SNS,Niš,1962.
,149,skupstina-srbije-poslanici,skupstina-srbije-poslanici,149,http://www.parlament.gov.rs/narodna-skupstina-/sastav/narodni-poslanici/aktuelni-saziv.890.html,http://www.parlament.gov.rs/MILUTIN_MRKON%D0%88I%C4%86.350.891.html,/MILUTIN_MRKON%D0%88I%C4%86.350.891.html,,MRKONЈIĆ MILUTIN,SPS,Beograd,1942.
,150,skupstina-srbije-poslanici,skupstina-srbije-poslanici,150,http://www.parlament.gov.rs/narodna-skupstina-/sastav/narodni-poslanici/aktuelni-saziv.890.html,http://www.parlament.gov.rs/MUJO_MUKOVI%C4%86.693.891.html,/MUJO_MUKOVI%C4%86.693.891.html,,MUKOVIĆ MUJO,BNS,Tutin,1963.
,151,skupstina-srbije-poslanici,skupstina-srbije-poslanici,151,http://www.parlament.gov.rs/narodna-skupstina-/sastav/narodni-poslanici/aktuelni-saziv.890.html,http://www.parlament.gov.rs/DEJAN_NEKTARIJEVI%C4%86.871.891.html,/DEJAN_NEKTARIJEVI%C4%86.871.891.html,,NEKTARIJEVIĆ Dr DEJAN,SNS,Smederevska Palanka,1961.
,152,skupstina-srbije-poslanici,skupstina-srbije-poslanici,152,http://www.parlament.gov.rs/narodna-skupstina-/sastav/narodni-poslanici/aktuelni-saziv.890.html,http://www.parlament.gov.rs/LJILJANA_NESTOROVI%C4%86.96.891.html,/LJILJANA_NESTOROVI%C4%86.96.891.html,,NESTOROVIĆ LJILJANA,SPDS,Beograd Voždovac,1968.
,153,skupstina-srbije-poslanici,skupstina-srbije-poslanici,153,http://www.parlament.gov.rs/narodna-skupstina-/sastav/narodni-poslanici/aktuelni-saziv.890.html,http://www.parlament.gov.rs/DEJAN_NIKOLI%C4%86.498.891.html,/DEJAN_NIKOLI%C4%86.498.891.html,,NIKOLIĆ DEJAN,DS,Sokobanja,1979.
,154,skupstina-srbije-poslanici,skupstina-srbije-poslanici,154,http://www.parlament.gov.rs/narodna-skupstina-/sastav/narodni-poslanici/aktuelni-saziv.890.html,http://www.parlament.gov.rs/DRAGAN_NIKOLI%C4%86.626.891.html,/DRAGAN_NIKOLI%C4%86.626.891.html,,NIKOLIĆ DRAGAN,SNS,Vranje,1960.
,155,skupstina-srbije-poslanici,skupstina-srbije-poslanici,155,http://www.parlament.gov.rs/narodna-skupstina-/sastav/narodni-poslanici/aktuelni-saziv.890.html,http://www.parlament.gov.rs/DU%C5%A0ICA_NIKOLI%C4%86.614.891.html,/DU%C5%A0ICA_NIKOLI%C4%86.614.891.html,,NIKOLIĆ DUŠICA,SNS,Beograd,1962.
,156,skupstina-srbije-poslanici,skupstina-srbije-poslanici,156,http://www.parlament.gov.rs/narodna-skupstina-/sastav/narodni-poslanici/aktuelni-saziv.890.html,http://www.parlament.gov.rs/MILjANA_NIKOLI%C4%86.767.891.html,/MILjANA_NIKOLI%C4%86.767.891.html,,NIKOLIĆ MILjANA,SNS,Kosovska Mitrovica,1971.
,157,skupstina-srbije-poslanici,skupstina-srbije-poslanici,157,http://www.parlament.gov.rs/narodna-skupstina-/sastav/narodni-poslanici/aktuelni-saziv.890.html,http://www.parlament.gov.rs/MIODRAG_NIKOLI%C4%86.599.891.html,/MIODRAG_NIKOLI%C4%86.599.891.html,,NIKOLIĆ MIODRAG,-,Jagodina,1950.
,158,skupstina-srbije-poslanici,skupstina-srbije-poslanici,158,http://www.parlament.gov.rs/narodna-skupstina-/sastav/narodni-poslanici/aktuelni-saziv.890.html,http://www.parlament.gov.rs/NENAD_NIKOLI%C4%86.815.891.html,/NENAD_NIKOLI%C4%86.815.891.html,,NIKOLIĆ NENAD,SNS,Beograd,1987.
,159,skupstina-srbije-poslanici,skupstina-srbije-poslanici,159,http://www.parlament.gov.rs/narodna-skupstina-/sastav/narodni-poslanici/aktuelni-saziv.890.html,http://www.parlament.gov.rs/SANjA_NIKOLI%C4%86.788.891.html,/SANjA_NIKOLI%C4%86.788.891.html,,NIKOLIĆ SANjA,SNS,Beograd Zvezdara,1980.
,160,skupstina-srbije-poslanici,skupstina-srbije-poslanici,160,http://www.parlament.gov.rs/narodna-skupstina-/sastav/narodni-poslanici/aktuelni-saziv.890.html,http://www.parlament.gov.rs/NADICA_NIKOLI%C4%86+TANASIJEVI%C4%86.796.891.html,/NADICA_NIKOLI%C4%86+TANASIJEVI%C4%86.796.891.html,,NIKOLIĆ TANASIJEVIĆ NADICA,SNS,Grocka,1970.
,161,skupstina-srbije-poslanici,skupstina-srbije-poslanici,161,http://www.parlament.gov.rs/narodna-skupstina-/sastav/narodni-poslanici/aktuelni-saziv.890.html,http://www.parlament.gov.rs/MILAN_NOVAKOVI%C4%86.862.891.html,/MILAN_NOVAKOVI%C4%86.862.891.html,,NOVAKOVIĆ MILAN,SNS,Novi Sad,1963.
,162,skupstina-srbije-poslanici,skupstina-srbije-poslanici,162,http://www.parlament.gov.rs/narodna-skupstina-/sastav/narodni-poslanici/aktuelni-saziv.890.html,http://www.parlament.gov.rs/JASMINA_OBRADOVI%C4%86.718.891.html,/JASMINA_OBRADOVI%C4%86.718.891.html,,OBRADOVIĆ JASMINA,SNS,Novi Sad,1961.
,163,skupstina-srbije-poslanici,skupstina-srbije-poslanici,163,http://www.parlament.gov.rs/narodna-skupstina-/sastav/narodni-poslanici/aktuelni-saziv.890.html,http://www.parlament.gov.rs/MARIJA_OBRADOVI%C4%86.608.891.html,/MARIJA_OBRADOVI%C4%86.608.891.html,,OBRADOVIĆ MARIJA,SNS,Beograd,1974.
,164,skupstina-srbije-poslanici,skupstina-srbije-poslanici,164,http://www.parlament.gov.rs/narodna-skupstina-/sastav/narodni-poslanici/aktuelni-saziv.890.html,http://www.parlament.gov.rs/%C5%BDARKO_OBRADOVI%C4%86+.101.891.html,/%C5%BDARKO_OBRADOVI%C4%86+.101.891.html,,OBRADOVIĆ prof. dr ŽARKO,SPS,Beograd Vračar,1960.
,165,skupstina-srbije-poslanici,skupstina-srbije-poslanici,165,http://www.parlament.gov.rs/narodna-skupstina-/sastav/narodni-poslanici/aktuelni-saziv.890.html,http://www.parlament.gov.rs/MEHO_OMEROVI%C4%86.104.891.html,/MEHO_OMEROVI%C4%86.104.891.html,,OMEROVIĆ MEHO,SPDS,Beograd Palilula,1959.
,166,skupstina-srbije-poslanici,skupstina-srbije-poslanici,166,http://www.parlament.gov.rs/narodna-skupstina-/sastav/narodni-poslanici/aktuelni-saziv.890.html,http://www.parlament.gov.rs/VLADIMIR_ORLI%C4%86.779.891.html,/VLADIMIR_ORLI%C4%86.779.891.html,,ORLIĆ dr VLADIMIR,SNS,Beograd Čukarica,1983.
,167,skupstina-srbije-poslanici,skupstina-srbije-poslanici,167,http://www.parlament.gov.rs/narodna-skupstina-/sastav/narodni-poslanici/aktuelni-saziv.890.html,http://www.parlament.gov.rs/ALEKSANDAR_PAJOVI%C4%86.832.891.html,/ALEKSANDAR_PAJOVI%C4%86.832.891.html,,PAJOVIĆ Dr ALEKSANDAR,SNS,Lučani,1958.
,168,skupstina-srbije-poslanici,skupstina-srbije-poslanici,168,http://www.parlament.gov.rs/narodna-skupstina-/sastav/narodni-poslanici/aktuelni-saziv.890.html,http://www.parlament.gov.rs/KRSTIMIR_PANTI%C4%86.867.891.html,/KRSTIMIR_PANTI%C4%86.867.891.html,,PANTIĆ KRSTIMIR,SNS,Lazarevac,1972.
,169,skupstina-srbije-poslanici,skupstina-srbije-poslanici,169,http://www.parlament.gov.rs/narodna-skupstina-/sastav/narodni-poslanici/aktuelni-saziv.890.html,http://www.parlament.gov.rs/BILjANA_PANTI%C4%86+PILJA.617.891.html,/BILjANA_PANTI%C4%86+PILJA.617.891.html,,PANTIĆ PILJA BILjANA,SNS,Novi Sad,1983.
,170,skupstina-srbije-poslanici,skupstina-srbije-poslanici,170,http://www.parlament.gov.rs/narodna-skupstina-/sastav/narodni-poslanici/aktuelni-saziv.890.html,http://www.parlament.gov.rs/OLENA_PAPUGA.470.891.html,/OLENA_PAPUGA.470.891.html,,PAPUGA OLENA,LSV,Ruski KrsturKula,1964.
,171,skupstina-srbije-poslanici,skupstina-srbije-poslanici,171,http://www.parlament.gov.rs/narodna-skupstina-/sastav/narodni-poslanici/aktuelni-saziv.890.html,http://www.parlament.gov.rs/BALINT_PASTOR.324.891.html,/BALINT_PASTOR.324.891.html,,PÁSZTOR BÁLINT,SVM,Subotica,1979.
,172,skupstina-srbije-poslanici,skupstina-srbije-poslanici,172,http://www.parlament.gov.rs/narodna-skupstina-/sastav/narodni-poslanici/aktuelni-saziv.890.html,http://www.parlament.gov.rs/OLIVERA_PAULjESKI%C4%86.818.891.html,/OLIVERA_PAULjESKI%C4%86.818.891.html,,PAULjESKIĆ OLIVERA,SNS,Žagubica,1971.
,173,skupstina-srbije-poslanici,skupstina-srbije-poslanici,173,http://www.parlament.gov.rs/narodna-skupstina-/sastav/narodni-poslanici/aktuelni-saziv.890.html,http://www.parlament.gov.rs/DRAGAN_PAUNOVI%C4%86.828.891.html,/DRAGAN_PAUNOVI%C4%86.828.891.html,,PAUNOVIĆ DRAGAN,SNS,Veliko Gradište,1959.
,174,skupstina-srbije-poslanici,skupstina-srbije-poslanici,174,http://www.parlament.gov.rs/narodna-skupstina-/sastav/narodni-poslanici/aktuelni-saziv.890.html,http://www.parlament.gov.rs/VERA_PAUNOVI%C4%86.637.891.html,/VERA_PAUNOVI%C4%86.637.891.html,,PAUNOVIĆ VERA,PUPS,Beograd Lazarevac,1947.
,175,skupstina-srbije-poslanici,skupstina-srbije-poslanici,175,http://www.parlament.gov.rs/narodna-skupstina-/sastav/narodni-poslanici/aktuelni-saziv.890.html,http://www.parlament.gov.rs/VLADIMIR_PAVI%C4%86EVI%C4%86.857.891.html,/VLADIMIR_PAVI%C4%86EVI%C4%86.857.891.html,,PAVIĆEVIĆ VLADIMIR,NOVA,Zvezdara,1978.
,176,skupstina-srbije-poslanici,skupstina-srbije-poslanici,176,http://www.parlament.gov.rs/narodna-skupstina-/sastav/narodni-poslanici/aktuelni-saziv.890.html,http://www.parlament.gov.rs/ZOLTAN_PEK.666.891.html,/ZOLTAN_PEK.666.891.html,,PÉK ZOLTÁN,SVM,Senta,1962.
,177,skupstina-srbije-poslanici,skupstina-srbije-poslanici,177,http://www.parlament.gov.rs/narodna-skupstina-/sastav/narodni-poslanici/aktuelni-saziv.890.html,http://www.parlament.gov.rs/ALEKSANDAR_PERANOVI%C4%86.831.891.html,/ALEKSANDAR_PERANOVI%C4%86.831.891.html,,PERANOVIĆ Dr ALEKSANDAR,SNS,Šabac,1976.
,178,skupstina-srbije-poslanici,skupstina-srbije-poslanici,178,http://www.parlament.gov.rs/narodna-skupstina-/sastav/narodni-poslanici/aktuelni-saziv.890.html,http://www.parlament.gov.rs/SLOBODAN_PERI%C4%86.749.891.html,/SLOBODAN_PERI%C4%86.749.891.html,,PERIĆ SLOBODAN,SNS,Petrovac na Mlavi,1964.
,179,skupstina-srbije-poslanici,skupstina-srbije-poslanici,179,http://www.parlament.gov.rs/narodna-skupstina-/sastav/narodni-poslanici/aktuelni-saziv.890.html,http://www.parlament.gov.rs/OLIVERA_PE%C5%A0I%C4%86.775.891.html,/OLIVERA_PE%C5%A0I%C4%86.775.891.html,,PEŠIĆ OLIVERA,SNS,Leskovac,1979.
,180,skupstina-srbije-poslanici,skupstina-srbije-poslanici,180,http://www.parlament.gov.rs/narodna-skupstina-/sastav/narodni-poslanici/aktuelni-saziv.890.html,http://www.parlament.gov.rs/VLADIMIR+_PETKOVI%C4%86.805.891.html,/VLADIMIR+_PETKOVI%C4%86.805.891.html,,PETKOVIĆ VLADIMIR,SNS,Barajevo,1979.
,181,skupstina-srbije-poslanici,skupstina-srbije-poslanici,181,http://www.parlament.gov.rs/narodna-skupstina-/sastav/narodni-poslanici/aktuelni-saziv.890.html,http://www.parlament.gov.rs/MILAN_PETRI%C4%86.855.891.html,/MILAN_PETRI%C4%86.855.891.html,,PETRIĆ MILAN,-,Zvezdara,1976.
,182,skupstina-srbije-poslanici,skupstina-srbije-poslanici,182,http://www.parlament.gov.rs/narodna-skupstina-/sastav/narodni-poslanici/aktuelni-saziv.890.html,http://www.parlament.gov.rs/MILISAV_PETRONIJEVI%C4%86.114.891.html,/MILISAV_PETRONIJEVI%C4%86.114.891.html,,PETRONIJEVIĆ MILISAV,SPS,Beograd Savski Venac,1949.
,183,skupstina-srbije-poslanici,skupstina-srbije-poslanici,183,http://www.parlament.gov.rs/narodna-skupstina-/sastav/narodni-poslanici/aktuelni-saziv.890.html,http://www.parlament.gov.rs/DU%C5%A0AN_PETROVI%C4%86.113.891.html,/DU%C5%A0AN_PETROVI%C4%86.113.891.html,,PETROVIĆ DUŠAN,-,Šabac,1966.
,184,skupstina-srbije-poslanici,skupstina-srbije-poslanici,184,http://www.parlament.gov.rs/narodna-skupstina-/sastav/narodni-poslanici/aktuelni-saziv.890.html,http://www.parlament.gov.rs/MIRA_PETROVI%C4%86.628.891.html,/MIRA_PETROVI%C4%86.628.891.html,,PETROVIĆ MIRA,PUPS,Beograd Novi Beograd,1956.
,185,skupstina-srbije-poslanici,skupstina-srbije-poslanici,185,http://www.parlament.gov.rs/narodna-skupstina-/sastav/narodni-poslanici/aktuelni-saziv.890.html,http://www.parlament.gov.rs/NEBOJ%C5%A0A_PETROVI%C4%86.761.891.html,/NEBOJ%C5%A0A_PETROVI%C4%86.761.891.html,,PETROVIĆ prof. dr NEBOJŠA,PS,Beograd,1961.
,186,skupstina-srbije-poslanici,skupstina-srbije-poslanici,186,http://www.parlament.gov.rs/narodna-skupstina-/sastav/narodni-poslanici/aktuelni-saziv.890.html,http://www.parlament.gov.rs/PETAR_PETROVI%C4%86.313.891.html,/PETAR_PETROVI%C4%86.313.891.html,,PETROVIĆ PETAR,JS,Jagodina,1951.
,187,skupstina-srbije-poslanici,skupstina-srbije-poslanici,187,http://www.parlament.gov.rs/narodna-skupstina-/sastav/narodni-poslanici/aktuelni-saziv.890.html,http://www.parlament.gov.rs/DRAGAN_POLOVINA.883.891.html,/DRAGAN_POLOVINA.883.891.html,,POLOVINA DRAGAN,SNS,Beograd Stari grad,1953.
,188,skupstina-srbije-poslanici,skupstina-srbije-poslanici,188,http://www.parlament.gov.rs/narodna-skupstina-/sastav/narodni-poslanici/aktuelni-saziv.890.html,http://www.parlament.gov.rs/MILETA_POSKURICA+.697.891.html,/MILETA_POSKURICA+.697.891.html,,POSKURICA MILETA,SNS,Kragujevac,1954.
,189,skupstina-srbije-poslanici,skupstina-srbije-poslanici,189,http://www.parlament.gov.rs/narodna-skupstina-/sastav/narodni-poslanici/aktuelni-saziv.890.html,http://www.parlament.gov.rs/ZORAN_PRALICA.593.891.html,/ZORAN_PRALICA.593.891.html,,PRALICA ZORAN,SNS,Beograd,1967.
,190,skupstina-srbije-poslanici,skupstina-srbije-poslanici,190,http://www.parlament.gov.rs/narodna-skupstina-/sastav/narodni-poslanici/aktuelni-saziv.890.html,http://www.parlament.gov.rs/JELISAVETA_PRIBOJAC.866.891.html,/JELISAVETA_PRIBOJAC.866.891.html,,PRIBOJAC JELISAVETA,SNS,Kraljevo,1956.
,191,skupstina-srbije-poslanici,skupstina-srbije-poslanici,191,http://www.parlament.gov.rs/narodna-skupstina-/sastav/narodni-poslanici/aktuelni-saziv.890.html,http://www.parlament.gov.rs/DEJAN_RADENKOVI%C4%86.507.891.html,/DEJAN_RADENKOVI%C4%86.507.891.html,,RADENKOVIĆ mr DEJAN,SPS,Priština,1971.
,192,skupstina-srbije-poslanici,skupstina-srbije-poslanici,192,http://www.parlament.gov.rs/narodna-skupstina-/sastav/narodni-poslanici/aktuelni-saziv.890.html,http://www.parlament.gov.rs/DALIBOR_RADI%C4%8CEVI%C4%86.808.891.html,/DALIBOR_RADI%C4%8CEVI%C4%86.808.891.html,,RADIČEVIĆ DALIBOR,SNS,Aleksinac,1976.
,193,skupstina-srbije-poslanici,skupstina-srbije-poslanici,193,http://www.parlament.gov.rs/narodna-skupstina-/sastav/narodni-poslanici/aktuelni-saziv.890.html,http://www.parlament.gov.rs/ALEKSANDAR_RADOJEVI%C4%86+.710.891.html,/ALEKSANDAR_RADOJEVI%C4%86+.710.891.html,,RADOJEVIĆ Dr ALEKSANDAR,-,Čačak,1965.
,194,skupstina-srbije-poslanici,skupstina-srbije-poslanici,194,http://www.parlament.gov.rs/narodna-skupstina-/sastav/narodni-poslanici/aktuelni-saziv.890.html,http://www.parlament.gov.rs/KATARINA_RAKI%C4%86.615.891.html,/KATARINA_RAKI%C4%86.615.891.html,,RAKIĆ KATARINA,SNS,Grocka,1979.
,195,skupstina-srbije-poslanici,skupstina-srbije-poslanici,195,http://www.parlament.gov.rs/narodna-skupstina-/sastav/narodni-poslanici/aktuelni-saziv.890.html,http://www.parlament.gov.rs/VESNA_RAKONjAC.739.891.html,/VESNA_RAKONjAC.739.891.html,,RAKONjAC Dr VESNA,SNS,Kruševac,1967.
,196,skupstina-srbije-poslanici,skupstina-srbije-poslanici,196,http://www.parlament.gov.rs/narodna-skupstina-/sastav/narodni-poslanici/aktuelni-saziv.890.html,http://www.parlament.gov.rs/BRANIMIR_RAN%C4%8CI%C4%86.887.891.html,/BRANIMIR_RAN%C4%8CI%C4%86.887.891.html,,RANČIĆ Dr BRANIMIR,SNS,Niš,1953.
,197,skupstina-srbije-poslanici,skupstina-srbije-poslanici,197,http://www.parlament.gov.rs/narodna-skupstina-/sastav/narodni-poslanici/aktuelni-saziv.890.html,http://www.parlament.gov.rs/MARIJAN_RISTI%C4%8CEVI%C4%86.598.891.html,/MARIJAN_RISTI%C4%8CEVI%C4%86.598.891.html,,RISTIČEVIĆ MARIJAN,-,Inđija,1958.
,198,skupstina-srbije-poslanici,skupstina-srbije-poslanici,198,http://www.parlament.gov.rs/narodna-skupstina-/sastav/narodni-poslanici/aktuelni-saziv.890.html,http://www.parlament.gov.rs/BRANKO_RU%C5%BDI%C4%86.508.891.html,/BRANKO_RU%C5%BDI%C4%86.508.891.html,,RUŽIĆ BRANKO,SPS,Beograd Čukarica,1975.
,199,skupstina-srbije-poslanici,skupstina-srbije-poslanici,199,http://www.parlament.gov.rs/narodna-skupstina-/sastav/narodni-poslanici/aktuelni-saziv.890.html,http://www.parlament.gov.rs/BILjANA_SAVOVI%C4%86.812.891.html,/BILjANA_SAVOVI%C4%86.812.891.html,,SAVOVIĆ BILjANA,SNS,Sečanj,1960.
,200,skupstina-srbije-poslanici,skupstina-srbije-poslanici,200,http://www.parlament.gov.rs/narodna-skupstina-/sastav/narodni-poslanici/aktuelni-saziv.890.html,http://www.parlament.gov.rs/ALEKSANDAR_SENI%C4%86.738.891.html,/ALEKSANDAR_SENI%C4%86.738.891.html,,SENIĆ ALEKSANDAR,SDS,Rača,1978.
,201,skupstina-srbije-poslanici,skupstina-srbije-poslanici,201,http://www.parlament.gov.rs/narodna-skupstina-/sastav/narodni-poslanici/aktuelni-saziv.890.html,http://www.parlament.gov.rs/VESNA_SIMI%C4%86.870.891.html,/VESNA_SIMI%C4%86.870.891.html,,SIMIĆ dr VESNA,SNS,Knjaževac,1966.
,202,skupstina-srbije-poslanici,skupstina-srbije-poslanici,202,http://www.parlament.gov.rs/narodna-skupstina-/sastav/narodni-poslanici/aktuelni-saziv.890.html,http://www.parlament.gov.rs/SUZANA_SPASOJEVI%C4%86.649.891.html,/SUZANA_SPASOJEVI%C4%86.649.891.html,,SPASOJEVIĆ SUZANA,SPS,Smederevo,1970.
,203,skupstina-srbije-poslanici,skupstina-srbije-poslanici,203,http://www.parlament.gov.rs/narodna-skupstina-/sastav/narodni-poslanici/aktuelni-saziv.890.html,http://www.parlament.gov.rs/MIROLjUB_STANKOVI%C4%86.840.891.html,/MIROLjUB_STANKOVI%C4%86.840.891.html,,STANKOVIĆ MIROLjUB,PUPS,Niš,1946.
,204,skupstina-srbije-poslanici,skupstina-srbije-poslanici,204,http://www.parlament.gov.rs/narodna-skupstina-/sastav/narodni-poslanici/aktuelni-saziv.890.html,http://www.parlament.gov.rs/VELIMIR_STANOJEVI%C4%86.128.891.html,/VELIMIR_STANOJEVI%C4%86.128.891.html,,STANOJEVIĆ VELIMIR,NS,Čačak,1964.
,205,skupstina-srbije-poslanici,skupstina-srbije-poslanici,205,http://www.parlament.gov.rs/narodna-skupstina-/sastav/narodni-poslanici/aktuelni-saziv.890.html,http://www.parlament.gov.rs/BORISLAV_STEFANOVI%C4%86.558.891.html,/BORISLAV_STEFANOVI%C4%86.558.891.html,,STEFANOVIĆ BORISLAV,DS,Novi Sad,1974.
,206,skupstina-srbije-poslanici,skupstina-srbije-poslanici,206,http://www.parlament.gov.rs/narodna-skupstina-/sastav/narodni-poslanici/aktuelni-saziv.890.html,http://www.parlament.gov.rs/MILAN_STEVANOVI%C4%86.809.891.html,/MILAN_STEVANOVI%C4%86.809.891.html,,STEVANOVIĆ MILAN,SNS,Beograd,1958.
,207,skupstina-srbije-poslanici,skupstina-srbije-poslanici,207,http://www.parlament.gov.rs/narodna-skupstina-/sastav/narodni-poslanici/aktuelni-saziv.890.html,http://www.parlament.gov.rs/ZVONIMIR_STEVI%C4%86.131.891.html,/ZVONIMIR_STEVI%C4%86.131.891.html,,STEVIĆ ZVONIMIR,SPS,Priština Badovac,1957.
,208,skupstina-srbije-poslanici,skupstina-srbije-poslanici,208,http://www.parlament.gov.rs/narodna-skupstina-/sastav/narodni-poslanici/aktuelni-saziv.890.html,http://www.parlament.gov.rs/NINOSLAV_STOJADINOVI%C4%86.847.891.html,/NINOSLAV_STOJADINOVI%C4%86.847.891.html,,STOJADINOVIĆ dr NINOSLAV,SDS,Niš,1950.
,209,skupstina-srbije-poslanici,skupstina-srbije-poslanici,209,http://www.parlament.gov.rs/narodna-skupstina-/sastav/narodni-poslanici/aktuelni-saziv.890.html,http://www.parlament.gov.rs/MOMIR_STOJANOVI%C4%86.620.891.html,/MOMIR_STOJANOVI%C4%86.620.891.html,,STOJANOVIĆ MOMIR,SNS,Niš,1958.
,210,skupstina-srbije-poslanici,skupstina-srbije-poslanici,210,http://www.parlament.gov.rs/narodna-skupstina-/sastav/narodni-poslanici/aktuelni-saziv.890.html,http://www.parlament.gov.rs/NEVENA_STOJANOVI%C4%86.646.891.html,/NEVENA_STOJANOVI%C4%86.646.891.html,,STOJANOVIĆ NEVENA,JS,Beograd Mladenovac,1986.
,211,skupstina-srbije-poslanici,skupstina-srbije-poslanici,211,http://www.parlament.gov.rs/narodna-skupstina-/sastav/narodni-poslanici/aktuelni-saziv.890.html,http://www.parlament.gov.rs/IVANA_STOJILjKOVI%C4%86.759.891.html,/IVANA_STOJILjKOVI%C4%86.759.891.html,,STOJILjKOVIĆ IVANA,SNS,Užice,1981.
,212,skupstina-srbije-poslanici,skupstina-srbije-poslanici,212,http://www.parlament.gov.rs/narodna-skupstina-/sastav/narodni-poslanici/aktuelni-saziv.890.html,http://www.parlament.gov.rs/DU%C5%A0ICA_STOJKOVI%C4%86.773.891.html,/DU%C5%A0ICA_STOJKOVI%C4%86.773.891.html,,STOJKOVIĆ DUŠICA,SNS,Beograd,1979.
,213,skupstina-srbije-poslanici,skupstina-srbije-poslanici,213,http://www.parlament.gov.rs/narodna-skupstina-/sastav/narodni-poslanici/aktuelni-saziv.890.html,http://www.parlament.gov.rs/VELIBOR_STOJKOVI%C4%86.797.891.html,/VELIBOR_STOJKOVI%C4%86.797.891.html,,STOJKOVIĆ VELIBOR,SNS,Vlasotince,1966.
,214,skupstina-srbije-poslanici,skupstina-srbije-poslanici,214,http://www.parlament.gov.rs/narodna-skupstina-/sastav/narodni-poslanici/aktuelni-saziv.890.html,http://www.parlament.gov.rs/LjUBI%C5%A0A_STOJMIROVI%C4%86+.606.891.html,/LjUBI%C5%A0A_STOJMIROVI%C4%86+.606.891.html,,STOJMIROVIĆ prof. dr LjUBIŠA,-,Beograd,1950.
,215,skupstina-srbije-poslanici,skupstina-srbije-poslanici,215,http://www.parlament.gov.rs/narodna-skupstina-/sastav/narodni-poslanici/aktuelni-saziv.890.html,http://www.parlament.gov.rs/%C4%90OR%C4%90E_STOJ%C5%A0I%C4%86.564.891.html,/%C4%90OR%C4%90E_STOJ%C5%A0I%C4%86.564.891.html,,STOJŠIĆ ĐORĐE,LSV,Sremska Mitrovica,1977.
,216,skupstina-srbije-poslanici,skupstina-srbije-poslanici,216,http://www.parlament.gov.rs/narodna-skupstina-/sastav/narodni-poslanici/aktuelni-saziv.890.html,http://www.parlament.gov.rs/MILORAD_STO%C5%A0I%C4%86.645.891.html,/MILORAD_STO%C5%A0I%C4%86.645.891.html,,STOŠIĆ MILORAD,PUPS,Niš,1954.
,217,skupstina-srbije-poslanici,skupstina-srbije-poslanici,217,http://www.parlament.gov.rs/narodna-skupstina-/sastav/narodni-poslanici/aktuelni-saziv.890.html,http://www.parlament.gov.rs/DU%C5%A0AN_STUPAR.273.891.html,/DU%C5%A0AN_STUPAR.273.891.html,,STUPAR DUŠAN,SNS,Beograd,1956.
,218,skupstina-srbije-poslanici,skupstina-srbije-poslanici,218,http://www.parlament.gov.rs/narodna-skupstina-/sastav/narodni-poslanici/aktuelni-saziv.890.html,http://www.parlament.gov.rs/%C5%BDELjKO_SU%C5%A0EC.708.891.html,/%C5%BDELjKO_SU%C5%A0EC.708.891.html,,SUŠEC ŽELjKO,SNS,Pančevo,1977.
,219,skupstina-srbije-poslanici,skupstina-srbije-poslanici,219,http://www.parlament.gov.rs/narodna-skupstina-/sastav/narodni-poslanici/aktuelni-saziv.890.html,http://www.parlament.gov.rs/SUZANA_%C5%A0ARAC.833.891.html,/SUZANA_%C5%A0ARAC.833.891.html,,ŠARAC SUZANA,SNS,Beograd,1981.
,220,skupstina-srbije-poslanici,skupstina-srbije-poslanici,220,http://www.parlament.gov.rs/narodna-skupstina-/sastav/narodni-poslanici/aktuelni-saziv.890.html,http://www.parlament.gov.rs/DRAGAN_%C5%A0ORMAZ.686.891.html,/DRAGAN_%C5%A0ORMAZ.686.891.html,,ŠORMAZ DRAGAN,SNS,Smederevo,1967.
,221,skupstina-srbije-poslanici,skupstina-srbije-poslanici,221,http://www.parlament.gov.rs/narodna-skupstina-/sastav/narodni-poslanici/aktuelni-saziv.890.html,http://www.parlament.gov.rs/KATARINA_%C5%A0U%C5%A0NjAR.770.891.html,/KATARINA_%C5%A0U%C5%A0NjAR.770.891.html,,ŠUŠNjAR KATARINA,SNS,Surčin,1990.
,222,skupstina-srbije-poslanici,skupstina-srbije-poslanici,222,http://www.parlament.gov.rs/narodna-skupstina-/sastav/narodni-poslanici/aktuelni-saziv.890.html,http://www.parlament.gov.rs/DRAGAN_%C5%A0UTANOVAC.154.891.html,/DRAGAN_%C5%A0UTANOVAC.154.891.html,,ŠUTANOVAC DRAGAN,DS,Zvezdara,1968.
,223,skupstina-srbije-poslanici,skupstina-srbije-poslanici,223,http://www.parlament.gov.rs/narodna-skupstina-/sastav/narodni-poslanici/aktuelni-saziv.890.html,http://www.parlament.gov.rs/NEBOJ%C5%A0A_TATOMIR.765.891.html,/NEBOJ%C5%A0A_TATOMIR.765.891.html,,TATOMIR NEBOJŠA,SNS,Jagodina,1968.
,224,skupstina-srbije-poslanici,skupstina-srbije-poslanici,224,http://www.parlament.gov.rs/narodna-skupstina-/sastav/narodni-poslanici/aktuelni-saziv.890.html,http://www.parlament.gov.rs/DRAGAN_TODOROVI%C4%86.725.891.html,/DRAGAN_TODOROVI%C4%86.725.891.html,,TODOROVIĆ DRAGAN,PS,Pirot,1969.
,225,skupstina-srbije-poslanici,skupstina-srbije-poslanici,225,http://www.parlament.gov.rs/narodna-skupstina-/sastav/narodni-poslanici/aktuelni-saziv.890.html,http://www.parlament.gov.rs/TANJA_TOMA%C5%A0EVI%C4%86+DAMNJANOVI%C4%86.804.891.html,/TANJA_TOMA%C5%A0EVI%C4%86+DAMNJANOVI%C4%86.804.891.html,,TOMAŠEVIĆ DAMNJANOVIĆ TANJA,SNS,Vršac,1982.
,226,skupstina-srbije-poslanici,skupstina-srbije-poslanici,226,http://www.parlament.gov.rs/narodna-skupstina-/sastav/narodni-poslanici/aktuelni-saziv.890.html,http://www.parlament.gov.rs/ALEKSANDRA_TOMI%C4%86+.616.891.html,/ALEKSANDRA_TOMI%C4%86+.616.891.html,,TOMIĆ dr ALEKSANDRA,SNS,Beograd,1969.
,227,skupstina-srbije-poslanici,skupstina-srbije-poslanici,227,http://www.parlament.gov.rs/narodna-skupstina-/sastav/narodni-poslanici/aktuelni-saziv.890.html,http://www.parlament.gov.rs/NOVICA_TON%C4%8CEV.865.891.html,/NOVICA_TON%C4%8CEV.865.891.html,,TONČEV NOVICA,SPS,Surdulica Božica,1962.
,228,skupstina-srbije-poslanici,skupstina-srbije-poslanici,228,http://www.parlament.gov.rs/narodna-skupstina-/sastav/narodni-poslanici/aktuelni-saziv.890.html,http://www.parlament.gov.rs/GORDANA_TOPI%C4%86.879.891.html,/GORDANA_TOPI%C4%86.879.891.html,,TOPIĆ GORDANA,SPS,Pančevo Banatsko Novo Selo,1971.
,229,skupstina-srbije-poslanici,skupstina-srbije-poslanici,229,http://www.parlament.gov.rs/narodna-skupstina-/sastav/narodni-poslanici/aktuelni-saziv.890.html,http://www.parlament.gov.rs/MILO%C5%A0_TO%C5%A0ANI%C4%86.791.891.html,/MILO%C5%A0_TO%C5%A0ANI%C4%86.791.891.html,,TOŠANIĆ MILOŠ,SNS,Lazarevac,1964.
,230,skupstina-srbije-poslanici,skupstina-srbije-poslanici,230,http://www.parlament.gov.rs/narodna-skupstina-/sastav/narodni-poslanici/aktuelni-saziv.890.html,http://www.parlament.gov.rs/VELINKA_TO%C5%A0I%C4%86.827.891.html,/VELINKA_TO%C5%A0I%C4%86.827.891.html,,TOŠIĆ VELINKA,SNS,Loznica,1963.
,231,skupstina-srbije-poslanici,skupstina-srbije-poslanici,231,http://www.parlament.gov.rs/narodna-skupstina-/sastav/narodni-poslanici/aktuelni-saziv.890.html,http://www.parlament.gov.rs/VU%C4%8CETA_TO%C5%A0KOVI%C4%86.683.891.html,/VU%C4%8CETA_TO%C5%A0KOVI%C4%86.683.891.html,,TOŠKOVIĆ VUČETA,SNS,Novi Sad,1941.
,232,skupstina-srbije-poslanici,skupstina-srbije-poslanici,232,http://www.parlament.gov.rs/narodna-skupstina-/sastav/narodni-poslanici/aktuelni-saziv.890.html,http://www.parlament.gov.rs/MILENA_TURK.801.891.html,/MILENA_TURK.801.891.html,,TURK MILENA,SNS,Trstenik,1986.
,233,skupstina-srbije-poslanici,skupstina-srbije-poslanici,233,http://www.parlament.gov.rs/narodna-skupstina-/sastav/narodni-poslanici/aktuelni-saziv.890.html,http://www.parlament.gov.rs/SULEJMAN_UGLjANIN.860.891.html,/SULEJMAN_UGLjANIN.860.891.html,,UGLjANIN Dr SULEJMAN,SDA,Novi Pazar,1953.
,234,skupstina-srbije-poslanici,skupstina-srbije-poslanici,234,http://www.parlament.gov.rs/narodna-skupstina-/sastav/narodni-poslanici/aktuelni-saziv.890.html,http://www.parlament.gov.rs/LASLO_VARGA.260.891.html,/LASLO_VARGA.260.891.html,,VARGA LÁSZLÓ,SVM,Palić,1976.
,235,skupstina-srbije-poslanici,skupstina-srbije-poslanici,235,http://www.parlament.gov.rs/narodna-skupstina-/sastav/narodni-poslanici/aktuelni-saziv.890.html,http://www.parlament.gov.rs/BRATIMIR_VASILjEVI%C4%86.826.891.html,/BRATIMIR_VASILjEVI%C4%86.826.891.html,,VASILjEVIĆ BRATIMIR,SNS,Niš,1953.
,236,skupstina-srbije-poslanici,skupstina-srbije-poslanici,236,http://www.parlament.gov.rs/narodna-skupstina-/sastav/narodni-poslanici/aktuelni-saziv.890.html,http://www.parlament.gov.rs/JELISAVETA_VELjKOVI%C4%86.842.891.html,/JELISAVETA_VELjKOVI%C4%86.842.891.html,,VELjKOVIĆ JELISAVETA,PUPS,Sremski Karlovci,1951.
,237,skupstina-srbije-poslanici,skupstina-srbije-poslanici,237,http://www.parlament.gov.rs/narodna-skupstina-/sastav/narodni-poslanici/aktuelni-saziv.890.html,http://www.parlament.gov.rs/JANKO_VESELINOVI%C4%86+.501.891.html,/JANKO_VESELINOVI%C4%86+.501.891.html,,VESELINOVIĆ dr JANKO,SDS,Novi Sad,1965.
,238,skupstina-srbije-poslanici,skupstina-srbije-poslanici,238,http://www.parlament.gov.rs/narodna-skupstina-/sastav/narodni-poslanici/aktuelni-saziv.890.html,http://www.parlament.gov.rs/ANAMARIJA_VI%C4%8CEK.858.891.html,/ANAMARIJA_VI%C4%8CEK.858.891.html,,VICSEK ANNAMÁRIA,SVM,Novi Sad,1973.
,239,skupstina-srbije-poslanici,skupstina-srbije-poslanici,239,http://www.parlament.gov.rs/narodna-skupstina-/sastav/narodni-poslanici/aktuelni-saziv.890.html,http://www.parlament.gov.rs/SONjA_VLAHOVI%C4%86.798.891.html,/SONjA_VLAHOVI%C4%86.798.891.html,,VLAHOVIĆ SONjA,SNS,Novi Beograd,1969.
,240,skupstina-srbije-poslanici,skupstina-srbije-poslanici,240,http://www.parlament.gov.rs/narodna-skupstina-/sastav/narodni-poslanici/aktuelni-saziv.890.html,http://www.parlament.gov.rs/JEZDIMIR_VU%C4%8CETI%C4%86.783.891.html,/JEZDIMIR_VU%C4%8CETI%C4%86.783.891.html,,VUČETIĆ Dr JEZDIMIR,SNS,Loznica,1947.
,241,skupstina-srbije-poslanici,skupstina-srbije-poslanici,241,http://www.parlament.gov.rs/narodna-skupstina-/sastav/narodni-poslanici/aktuelni-saziv.890.html,http://www.parlament.gov.rs/NATA%C5%A0A_VU%C4%8CKOVI%C4%86+.290.891.html,/NATA%C5%A0A_VU%C4%8CKOVI%C4%86+.290.891.html,,VUČKOVIĆ NATAŠA,DS,Savski Venac,1967.
,242,skupstina-srbije-poslanici,skupstina-srbije-poslanici,242,http://www.parlament.gov.rs/narodna-skupstina-/sastav/narodni-poslanici/aktuelni-saziv.890.html,http://www.parlament.gov.rs/VOJISLAV_VUJI%C4%86.641.891.html,/VOJISLAV_VUJI%C4%86.641.891.html,,VUJIĆ VOJISLAV,JS,Vrnjačka Banja,1975.
,243,skupstina-srbije-poslanici,skupstina-srbije-poslanici,243,http://www.parlament.gov.rs/narodna-skupstina-/sastav/narodni-poslanici/aktuelni-saziv.890.html,http://www.parlament.gov.rs/GORAN_VUKADINOVI%C4%86.874.891.html,/GORAN_VUKADINOVI%C4%86.874.891.html,,VUKADINOVIĆ GORAN,SNS,Leskovac,1965.
,244,skupstina-srbije-poslanici,skupstina-srbije-poslanici,244,http://www.parlament.gov.rs/narodna-skupstina-/sastav/narodni-poslanici/aktuelni-saziv.890.html,http://www.parlament.gov.rs/VANjA_VUKI%C4%86.844.891.html,/VANjA_VUKI%C4%86.844.891.html,,VUKIĆ VANjA,SPS,Beograd,1978.
,245,skupstina-srbije-poslanici,skupstina-srbije-poslanici,245,http://www.parlament.gov.rs/narodna-skupstina-/sastav/narodni-poslanici/aktuelni-saziv.890.html,http://www.parlament.gov.rs/SVETISLAV_VUKMIRICA.793.891.html,/SVETISLAV_VUKMIRICA.793.891.html,,VUKMIRICA SVETISLAV,SNS,Kikinda,1972.
,246,skupstina-srbije-poslanici,skupstina-srbije-poslanici,246,http://www.parlament.gov.rs/narodna-skupstina-/sastav/narodni-poslanici/aktuelni-saziv.890.html,http://www.parlament.gov.rs/DIJANA_VUKOMANOVI%C4%86+.627.891.html,/DIJANA_VUKOMANOVI%C4%86+.627.891.html,,VUKOMANOVIĆ dr DIJANA,SPS,Beograd,1967.
,247,skupstina-srbije-poslanici,skupstina-srbije-poslanici,247,http://www.parlament.gov.rs/narodna-skupstina-/sastav/narodni-poslanici/aktuelni-saziv.890.html,http://www.parlament.gov.rs/DRAGOLjUB_ZINDOVI%C4%86.772.891.html,/DRAGOLjUB_ZINDOVI%C4%86.772.891.html,,ZINDOVIĆ DRAGOLjUB,SNS,Prijepolje,1965.
,248,skupstina-srbije-poslanici,skupstina-srbije-poslanici,248,http://www.parlament.gov.rs/narodna-skupstina-/sastav/narodni-poslanici/aktuelni-saziv.890.html,http://www.parlament.gov.rs/GORDANA_ZORI%C4%86.778.891.html,/GORDANA_ZORI%C4%86.778.891.html,,ZORIĆ Dr GORDANA,SNS,Kovin,1954.
,249,skupstina-srbije-poslanici,skupstina-srbije-poslanici,249,http://www.parlament.gov.rs/narodna-skupstina-/sastav/narodni-poslanici/aktuelni-saziv.890.html,http://www.parlament.gov.rs/MILINKO_%C5%BDIVKOVI%C4%86.734.891.html,/MILINKO_%C5%BDIVKOVI%C4%86.734.891.html,,ŽIVKOVIĆ MILINKO,SNS,Bor,1960.
,250,skupstina-srbije-poslanici,skupstina-srbije-poslanici,250,http://www.parlament.gov.rs/narodna-skupstina-/sastav/narodni-poslanici/aktuelni-saziv.890.html,http://www.parlament.gov.rs/ZORAN_%C5%BDIVKOVI%C4%86.851.891.html,/ZORAN_%C5%BDIVKOVI%C4%86.851.891.html,,ŽIVKOVIĆ ZORAN,NOVA,Vračar,1960.